{"type":"FeatureCollection","name":"Public lands near Smith River Ranch","metadata":{"publication_note":"Context layer only. Public ownership does not imply public access through the ranch."},"features":[{"type":"Feature","geometry":{"type":"Polygon","coordinates":[[[-111.12612490041063,46.92684970263393],[-111.12752268534996,46.928640786118805],[-111.12755924353108,46.928687648542954],[-111.12613462300862,46.93211226734862],[-111.12607084466138,46.93226555098313],[-111.12548181450752,46.933681462826705],[-111.12614113378031,46.93562065400915],[-111.12623297235984,46.93589071332712],[-111.12712177916993,46.9385047478537],[-111.13142703224197,46.9395078362893],[-111.13144040575638,46.94312783532407],[-111.13145374691132,46.94674783282158],[-111.13146711940755,46.950367805351924],[-111.13674944521792,46.95035137294254],[-111.14203179949057,46.9503346592213],[-111.14201081712268,46.94671480047431],[-111.14198981141769,46.94308635599391],[-111.14196880338153,46.93945791225232],[-111.13669791756074,46.93948234713585],[-111.13621323807331,46.93948461054173],[-111.13402591009842,46.935873008747514],[-111.1318343301254,46.9322541313527],[-111.13141514603538,46.931561905279715],[-111.12964864093225,46.92863675070184],[-111.12777157650223,46.92552840331385],[-111.12612249742125,46.92553347861927],[-111.12510021516451,46.92553664859943],[-111.12612490041063,46.92684970263393]]]},"properties":{"owner":"Montana State Trust Lands","acreage":397.1155994,"source":"Montana State Library public lands framework","status":"Public reference boundary; verify current ownership and access rules"}},{"type":"Feature","geometry":{"type":"Polygon","coordinates":[[[-111.30617595459309,46.91033930418622],[-111.30618616745917,46.90673111031067],[-111.30619638341678,46.90312289108889],[-111.3008923174018,46.90311792128116],[-111.29558825245323,46.903112707097165],[-111.29557704044646,46.90672106573713],[-111.29556582439648,46.91032942525013],[-111.30087089404623,46.910334363963294],[-111.30617595459309,46.91033930418622]]]},"properties":{"owner":"US Bureau of Land Management","acreage":160.04257122,"source":"Montana State Library public lands framework","status":"Public reference boundary; verify current ownership and access rules"}},{"type":"Feature","geometry":{"type":"Polygon","coordinates":[[[-111.2116701771807,46.84153836418173],[-111.21684448572344,46.84153985006974],[-111.21685814056467,46.84516046157545],[-111.21686408102491,46.8466641244148],[-111.21707799349163,46.84681278814332],[-111.21757758393342,46.847355984160615],[-111.21793264873969,46.84770022545677],[-111.21822698867707,46.84791807828014],[-111.21884790797934,46.84841793962544],[-111.21901583748372,46.84878597342567],[-111.21954325682759,46.84878703147301],[-111.2197161117244,46.849038132930374],[-111.21995514483874,46.849270050026135],[-111.22034363209738,46.85034572569835],[-111.22053247030115,46.85049331886021],[-111.2207593166441,46.85176193389989],[-111.22104634537986,46.85241423456274],[-111.22173354539926,46.85241626090028],[-111.22210794739583,46.85241761316611],[-111.22207823806313,46.84879211251897],[-111.22204852752171,46.8451666111891],[-111.22201881761619,46.84154108485483],[-111.22198907589534,46.83791558533741],[-111.22000481052632,46.83791722555788],[-111.2168308553421,46.83791982179679],[-111.21472949748103,46.83792152291418],[-111.21167263174308,46.83792264218754],[-111.2116701771807,46.84153836418173]]]},"properties":{"owner":"Montana Fish, Wildlife, and Parks","acreage":164.66073398,"source":"Montana State Library public lands framework","status":"Public reference boundary; verify current ownership and access rules"}},{"type":"Feature","geometry":{"type":"Polygon","coordinates":[[[-111.26398397111028,46.877552808561745],[-111.2639839539995,46.88116597492237],[-111.26926184457768,46.8811793606263],[-111.2745397370257,46.88119271856348],[-111.27981718428816,46.88120618804654],[-111.28501543651649,46.88121946308892],[-111.28502901076388,46.877787523821816],[-111.28502978760699,46.87759124326882],[-111.28504330184687,46.874169243603106],[-111.28504382806463,46.87396301659742],[-111.27982629977356,46.873957575435576],[-111.27454540990233,46.873951827188165],[-111.26926468606976,46.87394585833238],[-111.26879098171302,46.87396683788611],[-111.27131277554258,46.8705414095291],[-111.2713456032249,46.87024316742131],[-111.27094644306985,46.86969539716713],[-111.26881331472643,46.86951130736047],[-111.26761319617123,46.869511345637605],[-111.26541326252371,46.86973831778025],[-111.26398398854104,46.870016634823735],[-111.26398394707189,46.87032641566623],[-111.26398395831593,46.8739396093958],[-111.26398397111028,46.877552808561745]]]},"properties":{"owner":"US Forest Service","acreage":375.39947642,"source":"Montana State Library public lands framework","status":"Public reference boundary; verify current ownership and access rules"}},{"type":"Feature","geometry":{"type":"Polygon","coordinates":[[[-111.28496659923005,46.92835672571625],[-111.2849809119771,46.9319699449609],[-111.28499720091988,46.93558671912957],[-111.28500228520782,46.93671571742741],[-111.28501509715207,46.93920349505781],[-111.2873549178941,46.9392052667584],[-111.28741980011854,46.93920530404787],[-111.29030035586621,46.939208377981],[-111.29558558580288,46.93921401374479],[-111.3008713729605,46.93922050476583],[-111.30647975758123,46.93922782670503],[-111.30648091681257,46.93561138486304],[-111.30648207500889,46.931994914936446],[-111.30648323448386,46.9283784466133],[-111.30648439392385,46.92476197992869],[-111.30616232476962,46.924761876391656],[-111.30085809095978,46.92475807583278],[-111.30077920011102,46.924757993439165],[-111.29592879448262,46.924754685158916],[-111.29555388733317,46.92475455450186],[-111.295501078486,46.92475452692431],[-111.29025307278025,46.924749031529956],[-111.29022668307496,46.92474900458552],[-111.28495228853023,46.92474350811198],[-111.28496659923005,46.92835672571625]]]},"properties":{"owner":"Montana State Trust Lands","acreage":649.62449522,"source":"Montana State Library public lands framework","status":"Public reference boundary; verify current ownership and access rules"}},{"type":"Feature","geometry":{"type":"Polygon","coordinates":[[[-111.30617595459309,46.91033930418622],[-111.30617088003933,46.913949912424435],[-111.30616580617675,46.917560520543866],[-111.31144086782335,46.917561320840285],[-111.31143557167321,46.921176569432276],[-111.31670707997927,46.92117814840567],[-111.32198525624607,46.92118003254343],[-111.32199769133409,46.91756223020254],[-111.32200524021012,46.91394478651477],[-111.32201281335142,46.91032723428105],[-111.31673352727611,46.91033307206232],[-111.31145474239305,46.9103361884642],[-111.30617595459309,46.91033930418622]]]},"properties":{"owner":"US Bureau of Land Management","acreage":318.95410263,"source":"Montana State Library public lands framework","status":"Public reference boundary; verify current ownership and access rules"}},{"type":"Feature","geometry":{"type":"Polygon","coordinates":[[[-111.17954338205881,46.88496459396307],[-111.18482414864252,46.88494857633292],[-111.19010491276006,46.88493233709844],[-111.19010413937738,46.881311476448104],[-111.18482451277693,46.88132596567937],[-111.17954491241758,46.88134042653947],[-111.17954338205881,46.88496459396307]]]},"properties":{"owner":"US Bureau of Land Management","acreage":80.0041142,"source":"Montana State Library public lands framework","status":"Public reference boundary; verify current ownership and access rules"}},{"type":"Feature","geometry":{"type":"Polygon","coordinates":[[[-111.2375967590466,46.85957612277108],[-111.24287942226245,46.859554213148364],[-111.24286663624892,46.855946549355245],[-111.23758422003925,46.85596792886428],[-111.2375967590466,46.85957612277108]]]},"properties":{"owner":"Montana Fish, Wildlife, and Parks","acreage":39.8774858,"source":"Montana State Library public lands framework","status":"Public reference boundary; verify current ownership and access rules"}},{"type":"Feature","geometry":{"type":"Polygon","coordinates":[[[-110.6412285779128,47.09429277996425],[-110.6411623333902,47.0940629386405],[-110.64107812013913,47.09377075392743],[-110.64302682290153,47.09345970352388],[-110.64410599107711,47.09655651082438],[-110.64441118243607,47.0974764734389],[-110.6441023996575,47.097522490021376],[-110.64408507893285,47.100878485060285],[-110.64408339878813,47.10120048358187],[-110.6440647473974,47.104802498948175],[-110.64413181451766,47.10480209555886],[-110.64946000805958,47.10476990065414],[-110.65175847150856,47.10475597350254],[-110.65485539187462,47.10473713551963],[-110.65490737645484,47.10832233183475],[-110.65495936281083,47.11190752915061],[-110.6589927558757,47.111907871943906],[-110.66026152226816,47.1119079497818],[-110.66027747673881,47.111907968451746],[-110.66559559801175,47.11190843481245],[-110.66559545887111,47.115204581832884],[-110.66559549970049,47.11528713985419],[-110.6655955405759,47.115365526610006],[-110.66559544367769,47.117061337679964],[-110.66559534869548,47.11882261910396],[-110.67100144363579,47.1187079863826],[-110.67618417583404,47.118597766842484],[-110.67640751476618,47.118593011650546],[-110.6767184328262,47.11858639470825],[-110.68170521523919,47.118480157472895],[-110.68496934175664,47.11841047259757],[-110.68726782591608,47.1183613479558],[-110.68726741718814,47.11913880855477],[-110.68726061693347,47.12197379954704],[-110.68725873970482,47.12275028459411],[-110.68725556324047,47.12439792920712],[-110.68725327775786,47.125586249751976],[-110.69251790925638,47.12547378479885],[-110.69778239015746,47.12536135061373],[-110.70219025995813,47.12535809517104],[-110.70308068510504,47.12535741720178],[-110.70339905512809,47.12535723030493],[-110.70810374881994,47.12535388857048],[-110.70855666202714,47.12535390097973],[-110.70901561043533,47.125353915526055],[-110.70901581020938,47.12628412809868],[-110.71120460713192,47.1262829183095],[-110.71340328753946,47.12628166038179],[-110.71392002559716,47.12628159610558],[-110.71870197642511,47.12627871283329],[-110.71892317098052,47.126278713777026],[-110.71921884835602,47.12627871329098],[-110.72400067088405,47.12627579061806],[-110.72451700581483,47.126275413780725],[-110.72981528616981,47.12627150828802],[-110.72979442631045,47.12407818946541],[-110.72978210577119,47.12278260171205],[-110.72399721103184,47.12278972082598],[-110.7239934460873,47.11916934716877],[-110.72398843755552,47.11554646633149],[-110.72740382664911,47.11554453452563],[-110.729709738162,47.11554317145092],[-110.7297071559624,47.1152989863231],[-110.72967157506511,47.11192306800828],[-110.72966917101171,47.11164080512902],[-110.73459124424349,47.11161810150603],[-110.7349379039541,47.111616549613586],[-110.73503527785826,47.11161611347572],[-110.7350640789521,47.115289068254356],[-110.73509288382103,47.118961841109616],[-110.73847513453019,47.11896467543025],[-110.74043996191124,47.11896627448957],[-110.74042074097487,47.115278991995766],[-110.74040138959296,47.11159170992906],[-110.7430062085907,47.111684058015896],[-110.74519636150423,47.11176165727716],[-110.74551595644175,47.11177298740624],[-110.74576987102678,47.111781987361915],[-110.75113838453935,47.11197192183357],[-110.75313916465531,47.111924281031094],[-110.75571722624895,47.111862840905474],[-110.75582660252705,47.10817188688719],[-110.75593604612305,47.104478769590145],[-110.76124479405402,47.10420420721085],[-110.76135289199999,47.10057095320801],[-110.76672187266345,47.10029087840776],[-110.76823042199413,47.10021224137318],[-110.77078497334139,47.10007867945034],[-110.77071572874246,47.09655413086515],[-110.77072020111493,47.096554123619896],[-110.77252550247444,47.09655134694009],[-110.77252541536156,47.095933722522346],[-110.7725298983742,47.09593372138902],[-110.77252993127274,47.09655133650707],[-110.77252993331052,47.096552419383876],[-110.77289195089136,47.096551520178316],[-110.77606495199899,47.09654358889576],[-110.77783232158035,47.09653914965044],[-110.78140969925406,47.09653021174795],[-110.78284909239964,47.0965250249152],[-110.78284914511224,47.09652502432557],[-110.78313470473454,47.09652399381305],[-110.78385445672902,47.096520768292585],[-110.78385459116794,47.09652076768781],[-110.78675713978794,47.09650772284144],[-110.7884370335959,47.09650017234747],[-110.79210458121756,47.09648368111956],[-110.79213083051205,47.10006592360407],[-110.79213197126793,47.100222315084714],[-110.79215708020865,47.103648143721934],[-110.79215730727483,47.103960949598026],[-110.79216910779935,47.10725088866539],[-110.79217116813538,47.10771550130589],[-110.79218800563304,47.11147005263214],[-110.79222597794652,47.11515465957881],[-110.7922639806079,47.11883926612604],[-110.79768987751758,47.11881011428981],[-110.8031157455457,47.11878068454007],[-110.80836899785633,47.118751953097515],[-110.81362224959378,47.1187229738926],[-110.81362154515834,47.118112162902484],[-110.81798301650466,47.118103959754485],[-110.81895074617569,47.11810209819569],[-110.82104367468598,47.118097943664],[-110.82119122167933,47.11809768138403],[-110.82121728773612,47.11809769628249],[-110.82123117801177,47.11809776047041],[-110.82234983436723,47.11809555709468],[-110.82427991743207,47.118091784498596],[-110.82710216858541,47.11808622038241],[-110.82961645366959,47.11808119913113],[-110.83495298756687,47.11807035747244],[-110.83648569179952,47.11806874303374],[-110.84029855239224,47.118064628860246],[-110.84399763765646,47.11806050827969],[-110.84564414562125,47.11805862116277],[-110.85099665428115,47.118052363101384],[-110.85634919330275,47.1180458549859],[-110.86169583885626,47.11801620985129],[-110.8635875467837,47.118005481003],[-110.86561126413122,47.11799423090041],[-110.8670424599073,47.11798631220348],[-110.86780641147763,47.117981941195396],[-110.86971753997803,47.117971041761436],[-110.87239224845011,47.117956139166374],[-110.87506719496338,47.11794089949751],[-110.87774200979031,47.11792571515597],[-110.88304468218695,47.117932596929],[-110.88667379985642,47.11793716530602],[-110.88834738608202,47.117939226982834],[-110.89249029910708,47.117944235235385],[-110.893649619077,47.11794560871479],[-110.89489971713621,47.117947091999554],[-110.90058226986815,47.11795360772758],[-110.90061099728192,47.12157767306092],[-110.90063970160973,47.125201762983224],[-110.90561139064938,47.12518106648269],[-110.91091464879052,47.125159280075074],[-110.91621982760836,47.12514210475905],[-110.92152497452771,47.12512490329081],[-110.92152420660754,47.12871666396],[-110.92152343865595,47.13230842461071],[-110.9215227248156,47.13585584940372],[-110.92152201231912,47.13940327600109],[-110.9236225865124,47.13943486405272],[-110.92641254199332,47.13947674428743],[-110.93130309799619,47.139550190394765],[-110.9361936248887,47.139623661824466],[-110.93774469655324,47.139646983294746],[-110.94108417936637,47.139697107458794],[-110.94154779132653,47.13600275546625],[-110.94201142844928,47.132308430881274],[-110.94233667640736,47.12870963769123],[-110.94608547053393,47.12870034562014],[-110.9477115215853,47.12869626735207],[-110.94799120586474,47.1286955687986],[-110.95308630820725,47.12868267750935],[-110.95327857540939,47.12507860588414],[-110.95858688713473,47.12506248820721],[-110.95858583631237,47.12143278114435],[-110.96122141415063,47.121424889740844],[-110.96389236868117,47.121416828520715],[-110.9638895412613,47.11778725745656],[-110.96919929402013,47.11776777654881],[-110.96919674218697,47.11414770537252],[-110.97450677321638,47.114137474067036],[-110.97529726170453,47.114133488517815],[-110.97980049556178,47.114110606681166],[-110.97979302313843,47.110492981807795],[-110.98268518660359,47.11047445665125],[-110.9850815758163,47.110459082162215],[-110.99036315826488,47.110418265044274],[-110.9903721842098,47.10681169141948],[-110.99565915302392,47.10677659614294],[-110.9956735964148,47.10317574507359],[-110.9968159849289,47.103169394529345],[-111.00091772340171,47.10314650933903],[-111.005518517464,47.10312061610964],[-111.00616178600967,47.10311696531943],[-111.00616279071583,47.10320379829886],[-111.00619854241673,47.10674162155042],[-111.00373753749801,47.10674987042679],[-111.00092886591408,47.10675927647482],[-111.00094001139009,47.110371904995894],[-110.99940812320997,47.11037351916314],[-110.99564473729924,47.110377418973044],[-110.99575377193415,47.11402476914058],[-110.99169901249965,47.11404721877807],[-110.99042399379452,47.114054253654885],[-110.99048483324448,47.11769013063833],[-110.99054541955725,47.12131700799078],[-110.98719207368109,47.12132651854679],[-110.98511946587944,47.12133235081933],[-110.98510683030563,47.11770791900106],[-110.97980793834843,47.117728122125776],[-110.97981541007613,47.12135369491441],[-110.97982288184394,47.124979182156416],[-110.98513210724707,47.1249567843461],[-110.98512491433519,47.128572603036865],[-110.98511774829159,47.13218842401402],[-110.98511055239149,47.13580424709715],[-110.98510336164344,47.139420097924585],[-110.99040086904228,47.139404090964575],[-110.99569835049203,47.13938811078593],[-110.99652697022887,47.1393856258147],[-111.00099582763607,47.13937212830287],[-111.00629318520316,47.13935603160287],[-111.00629574525648,47.14297424458357],[-111.00629830383035,47.146592483579674],[-111.00630086343563,47.15021069723222],[-111.00630339702984,47.153828909286894],[-111.01160841383678,47.153822645376664],[-111.01321570288704,47.15382078393832],[-111.0169134318663,47.15381640999283],[-111.0202558918162,47.15381210466687],[-111.02221800715216,47.153809533867424],[-111.02521499009808,47.15380547472668],[-111.02521475421024,47.153357719453396],[-111.0252089311647,47.15260161212301],[-111.02519087904295,47.15018756524369],[-111.02518747689471,47.1497375606584],[-111.02516362839349,47.14656965776106],[-111.02281270543513,47.14657267796189],[-111.02219014431853,47.1465734687646],[-111.0221931430249,47.14295567063906],[-111.02219611611032,47.13933726239249],[-111.02221445138412,47.13571321482068],[-111.02223278264371,47.13208855502869],[-111.02515671623392,47.13208735860525],[-111.0251566720671,47.131635020227556],[-111.02516013415149,47.12846292261507],[-111.02516086253844,47.12781013785737],[-111.02516335784603,47.12483848823383],[-111.02516258791218,47.12418709211712],[-111.03042706075117,47.12418893571958],[-111.03569150683724,47.12419055888321],[-111.0389819702181,47.124191448585755],[-111.0409373375813,47.12419193218087],[-111.04618317221434,47.12419305482789],[-111.04618863482442,47.12780804717341],[-111.04619406972803,47.13142301104591],[-111.05146114799045,47.13143091113363],[-111.05223631325285,47.13143209377941],[-111.05672822910836,47.13143884135693],[-111.06028784473452,47.131444205094795],[-111.06199533899046,47.13144673924812],[-111.0643254826583,47.131450254865165],[-111.06726241667987,47.13145463984449],[-111.07255902269726,47.131457263377364],[-111.07600244551337,47.131458983263116],[-111.0778556025418,47.13145985619986],[-111.08114406053512,47.13146151610021],[-111.08315221070451,47.13146247607865],[-111.08461094335995,47.13146320632236],[-111.0884488165775,47.13146506852023],[-111.09374958492802,47.13146127229667],[-111.09718340912517,47.131458821600624],[-111.09905038665285,47.13145744683778],[-111.1017216002084,47.131455565462474],[-111.10435118262058,47.13145365030083],[-111.10578147605005,47.131452660889856],[-111.10965198254546,47.13144985374338],[-111.10964034019244,47.127958861202025],[-111.10963991939487,47.1278367471323],[-111.109628278139,47.124341224675604],[-111.10962808213822,47.124223639128076],[-111.10961638227245,47.120723619108624],[-111.10961601849544,47.120610534289106],[-111.10960432239794,47.11710598523126],[-111.10960412535074,47.11699742886241],[-111.10958904009989,47.11349229549153],[-111.10958853532703,47.113371545189466],[-111.1095735050608,47.10987863634179],[-111.10957325207478,47.10974566083251],[-111.10955066755304,47.106268390780244],[-111.10954972059898,47.106123221321994],[-111.10952721892153,47.1026581484754],[-111.10952693520639,47.10250075610352],[-111.10950979319743,47.09887659584056],[-111.10949265000211,47.09525787941151],[-111.10946464665938,47.09163869255078],[-111.1094366695304,47.08801950365652],[-111.10539378287666,47.087989408003715],[-111.10419616073241,47.087980412921354],[-111.10302851425546,47.08797171186265],[-111.10009731236407,47.08794981526083],[-111.0989556536762,47.087941236732966],[-111.09480218900052,47.087951493420185],[-111.09370153494226,47.0879542014813],[-111.09158876497355,47.08795943456479],[-111.08950707595491,47.08796455075813],[-111.08844744680451,47.087967108696276],[-111.08420821113545,47.08800871559152],[-111.08317413173145,47.08801885324764],[-111.08093488498811,47.088040411717124],[-111.07890733459806,47.08806073284005],[-111.08093460834024,47.08804023818576],[-111.08316954290609,47.08801825133432],[-111.08420262045512,47.08800810955648],[-111.08844287523897,47.08796651305569],[-111.0895025070396,47.08796395602312],[-111.09158654335248,47.08795883523801],[-111.09369697926358,47.08795361032977],[-111.09479764067832,47.08795088420514],[-111.09895111525637,47.087940651850296],[-111.10009277785662,47.08794922946835],[-111.10302717419165,47.087971153545226],[-111.10419163822408,47.08797983342407],[-111.10538907928301,47.08798876807218],[-111.10943216298864,47.08801893134286],[-111.11068541141339,47.088018755081684],[-111.11138241197648,47.08801808243245],[-111.11473660289244,47.088014775708245],[-111.11596593331228,47.08801357231186],[-111.12004104118856,47.08800956631294],[-111.12105556422243,47.08800941929499],[-111.12124648263475,47.08800939012577],[-111.12534548196071,47.08800535564772],[-111.12652694795925,47.08800418095785],[-111.13064991774213,47.088000115574005],[-111.13180744086524,47.087999969676595],[-111.13654017222794,47.08799627664915],[-111.1371189338936,47.087995814433455],[-111.1424304269729,47.08799165713629],[-111.1477283080979,47.08798950019174],[-111.15008046602381,47.08798904077849],[-111.15243269624658,47.08807782776112],[-111.15302143976726,47.08810003837993],[-111.15856407103885,47.088308226213535],[-111.15857594484257,47.0883086666318],[-111.15858005724775,47.088308835810096],[-111.1592941176084,47.08833623519639],[-111.15901579673815,47.09185546083492],[-111.15901163960181,47.09190863661486],[-111.15873750392231,47.095374685992624],[-111.15872908901,47.09548127116064],[-111.15845099324856,47.09900049687001],[-111.15844684921163,47.099053663345195],[-111.15816450975888,47.10262630792707],[-111.16347233809078,47.1026206144842],[-111.16878019805776,47.102614923432625],[-111.1740880539341,47.1026092298882],[-111.17939591381995,47.10260353913469],[-111.18469696447565,47.10259979136932],[-111.18563048916334,47.10259915236227],[-111.18999801682799,47.10259604346319],[-111.19529903915915,47.1025922922841],[-111.20060008830222,47.10258854149524],[-111.20591360846561,47.10257873450942],[-111.21122713053471,47.10256892620884],[-111.2165406216169,47.10255911798591],[-111.21890247422832,47.10255479418645],[-111.22185413980789,47.10254931167388],[-111.22546653126717,47.102546949779935],[-111.22715596573335,47.102545806453286],[-111.23245781784927,47.10254227634552],[-111.23775822250842,47.102540437078304],[-111.2430586295442,47.102538599528174],[-111.2433110982397,47.10253857132603],[-111.24360177650772,47.10253855316983],[-111.24650532027735,47.10253608833097],[-111.24891034822274,47.10253402090955],[-111.2531636184516,47.10253043365718],[-111.25366255907481,47.102530002580444],[-111.25421900190085,47.10252996102866],[-111.25952801371344,47.1025252250344],[-111.26281553321485,47.10252236444513],[-111.26483705111796,47.10252048869577],[-111.26483604933304,47.1023033750218],[-111.26619213554815,47.10230745365561],[-111.26620651572617,47.09900085301689],[-111.26620776144992,47.09871523675329],[-111.27017865920502,47.09871919930334],[-111.27150810726764,47.09872052791438],[-111.27150730494071,47.09894775397235],[-111.27149531266012,47.10232318830906],[-111.27554954463855,47.10233516808987],[-111.28087958375401,47.10236287579022],[-111.2825344549906,47.102371602273365],[-111.28416711637533,47.102380129135724],[-111.28445101754362,47.1023816514574],[-111.28478647652436,47.102383447491974],[-111.28554563600467,47.10121299873085],[-111.2854993618989,47.098815522890675],[-111.28549844302374,47.098768495741055],[-111.28549485579288,47.09858318833722],[-111.28326255556358,47.09865886705144],[-111.28130010632515,47.0987253640622],[-111.28113405396935,47.09873098698358],[-111.28081473071816,47.098345213023144],[-111.28076889587798,47.098289822945034],[-111.2808132298187,47.09825168290132],[-111.28387486679904,47.09561785540668],[-111.28371529925919,47.09517974285937],[-111.28334203317038,47.09518541859435],[-111.28076436580153,47.095224563655506],[-111.27548490627868,47.09530468809078],[-111.2754520053915,47.09165986593089],[-111.27541910288163,47.088015015998835],[-111.27728884824329,47.08799409040488],[-111.28013959547488,47.08796209789742],[-111.28045335860372,47.08795856306577],[-111.2804467135806,47.08741830759784],[-111.28042664282538,47.085790232678676],[-111.28042002582124,47.08525492089711],[-111.28020133823428,47.08522443903026],[-111.27513202879807,47.0845179521647],[-111.27461998000501,47.08444661469205],[-111.2735690162581,47.08430012983731],[-111.27248334571374,47.08334081063068],[-111.27426268512639,47.08156202659355],[-111.27501246093613,47.08061802662898],[-111.27514882398364,47.08044632121173],[-111.27516054923517,47.077962708340344],[-111.27516163621354,47.077725750916485],[-111.27489999927963,47.07724827660236],[-111.2746075425363,47.07708155996019],[-111.27434336303281,47.07693108353402],[-111.27375387187384,47.07692615464309],[-111.2698806902599,47.07689129492681],[-111.26459597007543,47.076850609572475],[-111.26460680620201,47.0732826081305],[-111.26460932456209,47.07245660059458],[-111.26461760141471,47.069714566115245],[-111.26467054889049,47.06971459452059],[-111.26499146816452,47.069720263061],[-111.26567639988535,47.06971554333074],[-111.26523465560636,47.06940093916791],[-111.26665404170326,47.068138308022846],[-111.26673168789098,47.06815054608427],[-111.26990131422299,47.06865004784547],[-111.26989442502752,47.06762778876348],[-111.26989430266629,47.067601702283106],[-111.26989407808301,47.06756567376705],[-111.26988889175071,47.066750484572786],[-111.26988417558952,47.06608490499261],[-111.27517383776267,47.06609570195417],[-111.27519127963458,47.06857723033917],[-111.27519261321046,47.06876926078278],[-111.27919913305132,47.06798606348403],[-111.28043843615798,47.067006850752676],[-111.28043854017307,47.06695481537681],[-111.28044058793816,47.066098889942765],[-111.28044944536117,47.06245665192929],[-111.27514830050706,47.06244904839872],[-111.2723218428422,47.06244495703477],[-111.26985985828449,47.062441333958205],[-111.26985181150097,47.06064578532761],[-111.26985058549528,47.060374558853226],[-111.26901649292581,47.06047263380322],[-111.26797025675695,47.05882577678727],[-111.26793064454566,47.05876338790946],[-111.26876947741526,47.05741474209603],[-111.26983783495906,47.05752382920041],[-111.26983404626667,47.05668531664175],[-111.26983346256284,47.05654767856518],[-111.26982741914142,47.05520405132586],[-111.26981754605983,47.05159572731643],[-111.27458147252423,47.05157973303938],[-111.2746223680021,47.05157960111812],[-111.27465106066686,47.05157950783497],[-111.2749767868427,47.051578435415685],[-111.27508307567004,47.05157805554195],[-111.27508527649833,47.052127116667634],[-111.27508927871301,47.05211136178179],[-111.2752248883333,47.051577940855424],[-111.27532074940697,47.051200822939315],[-111.276587267769,47.04961227449771],[-111.27865482992333,47.04851187981667],[-111.28038883447796,47.04874490060471],[-111.2839017611205,47.049216995286976],[-111.28547866847047,47.04928394147969],[-111.28548288869503,47.04900425310646],[-111.28548552961135,47.04884693593205],[-111.28548639508898,47.04879011689677],[-111.28549654287458,47.04816141640442],[-111.28549927277565,47.04795630505657],[-111.28552154387522,47.047085458226576],[-111.28552348424941,47.04696226838114],[-111.28553003824463,47.04653992413305],[-111.28552342874319,47.04653478295291],[-111.28393902987517,47.045342332557844],[-111.28341204933348,47.0443401612264],[-111.28325620267374,47.044010384872756],[-111.28322359885865,47.042056278161226],[-111.28301129936938,47.04199795415722],[-111.28028597269353,47.04124913593108],[-111.2797848897817,47.04111145228906],[-111.27953906821278,47.04071106299552],[-111.27732947613285,47.03709250717699],[-111.27621345468958,47.03526472970502],[-111.27791788125862,47.033476249251436],[-111.27972261558787,47.03158246274809],[-111.28043468311674,47.032090618127],[-111.28237899212577,47.03347826212596],[-111.28556664685705,47.035753109900114],[-111.28906128731516,47.03509766245024],[-111.28913555496865,47.03375775302222],[-111.2889679620011,47.03363330968992],[-111.28866554656484,47.033634209022544],[-111.28818814642788,47.033635604970776],[-111.28547692530213,47.03364408283117],[-111.28546997975273,47.03347955294898],[-111.28532026596497,47.029974034792325],[-111.28531987660084,47.029863115849196],[-111.28530791974728,47.02634598247262],[-111.28530755773441,47.026246702917945],[-111.28047006608135,47.026243311878275],[-111.27521319418054,47.026239652118704],[-111.27517626569713,47.022625778645775],[-111.2751394145732,47.019011782869455],[-111.26982842889188,47.01901779444985],[-111.26451741776472,47.01902386171972],[-111.26448067708507,47.01540397636245],[-111.26443991617259,47.011783685264405],[-111.2591453114262,47.01177772622256],[-111.25914126778622,47.01177772172912],[-111.25384666121177,47.01177178693487],[-111.2538426188883,47.011771782234185],[-111.25066761677097,47.011768244625706],[-111.25043203447167,47.01176797887913],[-111.24854809371188,47.01176584160655],[-111.24854405007363,47.011765836738945],[-111.24324958332411,47.01175991314562],[-111.24324552258435,47.011759908351316],[-111.24322808288258,47.00803344042386],[-111.24321125721596,47.0044154730691],[-111.24319148372592,47.00079767441238],[-111.24317174900037,46.997179850445974],[-111.24845491980071,46.99717296948637],[-111.25373812864954,46.997166084491234],[-111.25902141662122,46.99715924344004],[-111.26430470198407,46.99715240076699],[-111.2642892570741,46.99352540449196],[-111.26427381027979,46.989898405144004],[-111.26425839241989,46.98627137975499],[-111.2642429447525,46.98264438236238],[-111.26954292685939,46.98263781877327],[-111.27484291183458,46.982631255470324],[-111.28013670266522,46.98262791379174],[-111.28522642656007,46.98262482724279],[-111.28521594886102,46.979002524150445],[-111.28521257773419,46.9778532273106],[-111.2848162614155,46.97786553292639],[-111.28435420846657,46.97787895145017],[-111.28380549834564,46.97777866076423],[-111.28338437530772,46.97757527707764],[-111.28299399141147,46.97739427870114],[-111.2826321480362,46.97717745349811],[-111.28236030298996,46.97695742378355],[-111.28207449386008,46.9767643507425],[-111.28173395455214,46.97648777121113],[-111.28158922087172,46.97607894810677],[-111.28147064851004,46.97576460908498],[-111.28146392133262,46.97552262413693],[-111.28143267184645,46.97540166025454],[-111.28138888519167,46.97523191525448],[-111.2813182101742,46.974938433923306],[-111.28133409230297,46.97461291013886],[-111.28156302856628,46.974262730107796],[-111.28183402110511,46.974022449633125],[-111.28200260027414,46.97380348289889],[-111.28233360071256,46.97302631954624],[-111.28240927681038,46.97275478041693],[-111.28246587094955,46.97247903790347],[-111.28265617977888,46.97251424464077],[-111.28303825696776,46.97259687941869],[-111.28315877194987,46.97230141404425],[-111.28331611877694,46.97233821467611],[-111.28373316503941,46.97243218693114],[-111.28388927984895,46.97246747368223],[-111.28422954021427,46.97223034031861],[-111.28519811111417,46.972028727520524],[-111.28519713782946,46.971757916791375],[-111.28518390951979,46.96813558539923],[-111.28524271166724,46.96813555999412],[-111.28580007819903,46.96813532185593],[-111.28736045844339,46.9666151955429],[-111.28899376022993,46.96624415290031],[-111.29047708441304,46.96705216302979],[-111.2912045919787,46.96744843440279],[-111.29180442962364,46.96812951966819],[-111.29260870073733,46.96812784146214],[-111.2957776249996,46.968121180774496],[-111.29855961215934,46.96811655221076],[-111.29892300079011,46.96811594239421],[-111.29890726508211,46.967915169643334],[-111.30012318936517,46.96629899049932],[-111.30032176552353,46.9658718214046],[-111.30015441525249,46.965403865006174],[-111.30004776018568,46.96526680615385],[-111.30136439003714,46.964439225127386],[-111.30159940026996,46.96443930630467],[-111.30160095028724,46.964751508227025],[-111.30179949773024,46.96450091108876],[-111.30219828738443,46.96400096559515],[-111.30259603493931,46.963499815059905],[-111.30236352148435,46.96268296782326],[-111.3016566988622,46.962145144148856],[-111.30104167885371,46.961679335905664],[-111.3010358705602,46.96167491772143],[-111.30098907962085,46.96167042636323],[-111.29928139530183,46.96150648171572],[-111.29866559488937,46.96123807543559],[-111.2983448764428,46.96109832820764],[-111.29813303180914,46.96089141189047],[-111.2975863645914,46.96035746714783],[-111.297766798397,46.960211092887015],[-111.29770359275514,46.960090905058145],[-111.2979887842466,46.95966264828357],[-111.29815679153046,46.95941035225208],[-111.29887684752325,46.95884930293437],[-111.2991323827068,46.958631010783755],[-111.29925885478401,46.95834029296001],[-111.29939952456374,46.958018200983005],[-111.2995470557686,46.95776343383559],[-111.29959300145059,46.95750648355008],[-111.29952861873142,46.95728832845842],[-111.29809843485398,46.9546131053672],[-111.29792420407553,46.95458452904215],[-111.2971477112838,46.95445717187497],[-111.29571014985022,46.954221372758454],[-111.29568112208143,46.95421662204242],[-111.2931422750309,46.95421715237503],[-111.29282995052611,46.954239693783855],[-111.29043216718671,46.95441274324204],[-111.2895967092277,46.95447305256061],[-111.28940592570477,46.95448682329937],[-111.28683666553269,46.9545487767472],[-111.28665698614539,46.95455310887569],[-111.2860696605852,46.95447145874167],[-111.28574093815084,46.95442571647187],[-111.28515438354184,46.95434410996341],[-111.28475452578675,46.954240449466425],[-111.28418114364813,46.95409176421831],[-111.28352637843393,46.95388185612965],[-111.28276534774682,46.95363789483206],[-111.28151681424681,46.95364256331202],[-111.27996576650723,46.95364837588748],[-111.2799592076164,46.95237476407746],[-111.27995618015738,46.951781057051676],[-111.2791891678588,46.951340813297],[-111.27806844610245,46.9506003775311],[-111.27830876352094,46.95004638951545],[-111.27834668132975,46.949958996318045],[-111.27916444133712,46.949704416094356],[-111.27994542666961,46.94967523135749],[-111.27994320060064,46.94924013872046],[-111.27992883452994,46.946432770954026],[-111.27465032687836,46.9464497752268],[-111.27464354104501,46.942832527708866],[-111.27991018713902,46.942821050650664],[-111.27989156999799,46.93920933240127],[-111.27463670396597,46.939215251071786],[-111.26936183286827,46.93922864641644],[-111.26408696626285,46.93924201441515],[-111.2640637189786,46.94286278960021],[-111.26404050289692,46.946483567629585],[-111.25878538815968,46.946491127532155],[-111.25353027081718,46.9464984108845],[-111.25353244344782,46.95011082496682],[-111.24825465202785,46.950121295248906],[-111.2429769339412,46.95013153525892],[-111.23769002414389,46.95013735808221],[-111.23240314148683,46.95014295681392],[-111.23239499078265,46.94652570930032],[-111.22710599775947,46.946531974721566],[-111.22181700472318,46.946537991944275],[-111.22180465899021,46.94292210482077],[-111.22179231238057,46.93930621841732],[-111.2165041487571,46.93931751324499],[-111.21121601173172,46.93932880708354],[-111.20592787685935,46.93934007599343],[-111.20063971544597,46.939351369017004],[-111.20064005706949,46.93573712325468],[-111.20064037006202,46.93212284442013],[-111.20064068409651,46.92850859780702],[-111.20064099466315,46.92489432407797],[-111.19535435584132,46.92490375788702],[-111.19006774308811,46.92491316559139],[-111.18478110189962,46.92492256960472],[-111.17949449027107,46.92493197627297],[-111.17420668944202,46.92494427264147],[-111.16891890687792,46.92495656631482],[-111.1636310993781,46.92496886332574],[-111.15834332143785,46.92498118448663],[-111.15834906920004,46.92135287895168],[-111.15835484253475,46.91772457378931],[-111.15836642554281,46.91408676908425],[-111.1583780044103,46.91044896428915],[-111.15317872349438,46.910462700842935],[-111.14790574536731,46.91047674592189],[-111.1426390717088,46.91049728835511],[-111.13737239757096,46.910517832928086],[-111.13738839096376,46.9068782237997],[-111.13740438216057,46.90323861186946],[-111.13742040146762,46.89959900031873],[-111.13743639371496,46.89595938905242],[-111.13218332499972,46.895970793592426],[-111.12693023075119,46.89598222704878],[-111.12167714075872,46.895993633178044],[-111.11642404397726,46.89600503824484],[-111.11113436310045,46.89600666709833],[-111.1058446826308,46.89600829413885],[-111.10055496897347,46.89600989462934],[-111.0952652880707,46.89601152256035],[-111.08998799456991,46.8960064844928],[-111.08471066896847,46.896001415616865],[-111.07943337264663,46.89599634928914],[-111.074157629807,46.8959913113261],[-111.07414462502575,46.89961567261445],[-111.07413320651878,46.90324003177569],[-111.07412178788861,46.90686439264787],[-111.07411034014017,46.91048875201493],[-111.06884899436041,46.910491519927156],[-111.06621829921157,46.91049291239144],[-111.0663854067339,46.91411176281122],[-111.06381518280439,46.91411272245855],[-111.05841533313323,46.91411471626871],[-111.0530169748937,46.91411643291226],[-111.0529659825775,46.91773306773342],[-111.05292745941641,46.92135042956714],[-111.05288701936333,46.92510704462791],[-111.0520173782449,46.925106849247754],[-111.04761178759217,46.925105783026076],[-111.04672089623698,46.92510556047409],[-111.04233658388064,46.92510241052778],[-111.0414228029086,46.925102130531585],[-111.03708627031646,46.92510086901973],[-111.036124738659,46.92510059367438],[-111.03183595583184,46.9250973858513],[-111.03185508490974,46.92147491347936],[-111.03187459457108,46.9178524223257],[-111.03187088023334,46.917852328067546],[-111.03028567599453,46.917844120149525],[-111.02679497383824,46.91782580556466],[-111.02684861718508,46.914200755308855],[-111.02686274923461,46.91329450799793],[-111.02685903416705,46.91329456123137],[-111.02159796964952,46.91326876582481],[-111.02163295077686,46.91055121665338],[-111.02163984799603,46.90964553873038],[-111.02690605007754,46.909669541171915],[-111.02690976585968,46.909669568046],[-111.02692775703382,46.90695111572967],[-111.03198397975412,46.90697285281251],[-111.03198899548656,46.90697291430607],[-111.03726190210813,46.90695067299001],[-111.0425363624099,46.906928239387724],[-111.04781082528594,46.906905805340706],[-111.04778641068681,46.910524640017414],[-111.05306489866679,46.91049981436487],[-111.05308528359912,46.90688312337592],[-111.05310567179198,46.90326645653312],[-111.05312605653502,46.89964976352781],[-111.05314644330322,46.89603309741482],[-111.04788403445244,46.89604836390791],[-111.04262165396939,46.896063655896484],[-111.03735924521544,46.896078922831954],[-111.03209683463311,46.896094217470676],[-111.03211871486161,46.89247091123934],[-111.03214059828677,46.888847634604545],[-111.03216244913803,46.88522433044448],[-111.0321843293363,46.88160105195813],[-111.03744546683576,46.88158547943595],[-111.04270660435525,46.8815699094361],[-111.04796771288919,46.8815543369503],[-111.0532288508447,46.88153873778165],[-111.05324259487384,46.87791901537127],[-111.05325637314381,46.87429926819772],[-111.05327011809034,46.870679520600795],[-111.0532838651209,46.867059771213135],[-111.0480177520203,46.867072205219245],[-111.0427516381842,46.86708463764145],[-111.037485522406,46.867097072996984],[-111.032219404507,46.86710950588625],[-111.0322195635635,46.86348347879874],[-111.03221974888864,46.85985745144596],[-111.03221990723317,46.856231397549216],[-111.02702165258358,46.856224690044634],[-111.0246486658119,46.85622155552242],[-111.02174691566131,46.85621765266449],[-111.01910939466036,46.85621417561951],[-111.01910788202858,46.859837922955656],[-111.01647089163991,46.859833807485344],[-111.0150966339911,46.859831635521864],[-111.01119693742146,46.859825407921726],[-111.01119681197295,46.856203351310086],[-111.00762333252533,46.85620603189863],[-111.00592627305389,46.85620717407844],[-111.00592514748622,46.8525842316206],[-111.0050958575876,46.852584704631354],[-111.00434316647524,46.8525851246151],[-111.00065358147316,46.852587109023936],[-110.99803013428816,46.85258940547923],[-110.99669378315286,46.852590585262526],[-110.99540671474539,46.85259169980407],[-110.9941842130024,46.85259280369451],[-110.99378753901604,46.852593157016926],[-110.9901598504864,46.85259626457591],[-110.99016264759808,46.85078708469806],[-110.9848952541695,46.850796119615126],[-110.98226152843948,46.85080061202645],[-110.98226201038504,46.85260387157519],[-110.97962939705532,46.852606416063125],[-110.97962782991745,46.850805046923604],[-110.97896249292687,46.850807149231144],[-110.97850772183014,46.85080885498857],[-110.97828743524965,46.85080968232578],[-110.97750454640962,46.85081231798546],[-110.97697621695298,46.85081400912105],[-110.97697362431647,46.849012527023625],[-110.97696841115615,46.84540948275055],[-110.97431368897566,46.84541789203894],[-110.97432138771792,46.84178765263632],[-110.97432912321143,46.838158884813986],[-110.97052830414206,46.838171384864275],[-110.96905189498567,46.838172175958505],[-110.96519412816465,46.83817495600738],[-110.96379724817403,46.83817596974961],[-110.95985995266497,46.8381788035941],[-110.95854260439893,46.83817898324439],[-110.95452680406818,46.83818193328037],[-110.95328831653777,46.83818285759042],[-110.94919365431883,46.838185863465796],[-110.94919089942795,46.83515653441172],[-110.94918754738077,46.83153446811628],[-110.94390101014753,46.83155059655384],[-110.93861447558918,46.831566501643586],[-110.93332829857594,46.831582159124224],[-110.92804212281992,46.831597536595204],[-110.92804425351837,46.83521753746777],[-110.9280459263689,46.83819111222037],[-110.9269625571779,46.838191254718595],[-110.92272969484017,46.83819509846986],[-110.921699744654,46.83819601586861],[-110.91741346270571,46.83819988768036],[-110.91643692893558,46.838199999652566],[-110.91209748035101,46.838203985068],[-110.91117422472615,46.838204818768084],[-110.90678149448296,46.83820883325954],[-110.9067854585171,46.83515192933965],[-110.90679105051001,46.83154190619433],[-110.9068022521619,46.82793977304941],[-110.90681342630256,46.82433764677516],[-110.91211927186232,46.82434179093822],[-110.91742511883228,46.824345910746075],[-110.92273096067288,46.82435005579317],[-110.92803680527874,46.824354176469],[-110.92802939778707,46.82073509217811],[-110.92802198731209,46.81711600459892],[-110.92801457928887,46.813496920879665],[-110.92800719709538,46.80987783263981],[-110.92270107667291,46.80988433214778],[-110.92004801446679,46.80988758074547],[-110.92005177370235,46.811695303990376],[-110.92270480694069,46.811692694145485],[-110.92270853934296,46.81350102783744],[-110.92271227183073,46.81530930534007],[-110.92005926693882,46.815310609241095],[-110.91740626077657,46.81531185776741],[-110.91475325292932,46.81531313464595],[-110.91475137532737,46.81440998292289],[-110.91342485492548,46.81441074677458],[-110.91342676488404,46.81531373219934],[-110.91210024965922,46.81531432907026],[-110.9107737327401,46.8153148970353],[-110.91077182434357,46.81441227219168],[-110.90944533712167,46.81441300916737],[-110.90779408152254,46.81441389681713],[-110.90679230063004,46.8144144250117],[-110.90679423856507,46.81531652209665],[-110.90679808191192,46.8171207686006],[-110.90175424488258,46.817132479450066],[-110.89648381625757,46.81714450231211],[-110.89121347563788,46.817156276115824],[-110.88594310108566,46.81716779965482],[-110.88593583155917,46.8135496737057],[-110.88592853085666,46.80993151963196],[-110.89119970765422,46.80992221270925],[-110.89647088844426,46.80991293762828],[-110.90174145349192,46.80990818695896],[-110.90678270825896,46.80990386137405],[-110.90678868148228,46.80628403636531],[-110.90679446243902,46.802664207736136],[-110.90679985318944,46.799044374342095],[-110.90680464414758,46.79542453878402],[-110.90166533921744,46.79543291578414],[-110.89639704203962,46.795443324036526],[-110.89112880112314,46.79545766799333],[-110.88586064434875,46.795478042144424],[-110.88585045909676,46.791859858281796],[-110.88058130821088,46.79186606036047],[-110.87684461389331,46.791870263869136],[-110.87530971685443,46.791872018698896],[-110.87003682912734,46.791879628595034],[-110.86836286940995,46.791882053188445],[-110.86476148628437,46.79188699615232],[-110.86477911937624,46.79550254601356],[-110.85950797757867,46.79551177026184],[-110.85423686341683,46.79552296058973],[-110.84896577362713,46.79553324082157],[-110.8436946888132,46.795539725982294],[-110.83842099783891,46.79556728831542],[-110.83314741759844,46.79560294056731],[-110.83314523554921,46.79198872113068],[-110.83314305110564,46.788374497605204],[-110.83841766137793,46.78833760893729],[-110.84369225919674,46.78830047815794],[-110.84369801592777,46.78468084558587],[-110.84369755898199,46.78106121102541],[-110.83841806414493,46.781089365186546],[-110.83313867190472,46.78112486338667],[-110.82785936186987,46.78116516273146],[-110.82258008238182,46.78120774050204],[-110.8173372914563,46.78123880900829],[-110.81209450027191,46.781269873134086],[-110.806838795002,46.78129233080849],[-110.8015831128001,46.78131475926094],[-110.80094561862016,46.78131641894193],[-110.79633049235203,46.78132899051276],[-110.79400899707102,46.78133529100057],[-110.79107786645004,46.78134319497087],[-110.7858252461398,46.781357396815615],[-110.78057262430912,46.781371628535126],[-110.78057250784667,46.781096628961464],[-110.78055337691858,46.77775686778286],[-110.78055179008584,46.777480976309434],[-110.78053265963212,46.77414211680303],[-110.78053259802401,46.77386533849061],[-110.78051346668228,46.770527382485206],[-110.78051187599938,46.77024971473538],[-110.78049274611942,46.76691264691567],[-110.78049001698515,46.76663408984334],[-110.78048570361366,46.76619639305777],[-110.78348450266405,46.76631645587892],[-110.78575230718135,46.766531017050575],[-110.78950085905956,46.76688563742222],[-110.790406504709,46.766883140463236],[-110.79042932772217,46.76688307651813],[-110.79101868909238,46.766881444563886],[-110.79236326774272,46.76687664574429],[-110.79628122946826,46.76686256704899],[-110.80134465054087,46.76684437341529],[-110.80154377266211,46.76684366255596],[-110.80678795023535,46.766811532950186],[-110.81203213008921,46.76677940594185],[-110.81358923835509,46.76677140860149],[-110.81425867175683,46.76676796032995],[-110.81465644332053,46.766765898141394],[-110.8146596097286,46.76764476659304],[-110.81466309462795,46.768576299473274],[-110.81541589259179,46.76857246105423],[-110.81728601591573,46.76856290213193],[-110.8199089681385,46.76854953048614],[-110.81991281535788,46.770360185351734],[-110.82231872394098,46.770347968822925],[-110.82253437690376,46.77034687123415],[-110.8231380193025,46.77034271680853],[-110.82518141406808,46.7703287706574],[-110.82518393676229,46.77213977645555],[-110.82697833984406,46.77212763819956],[-110.82783103706802,46.77212185679821],[-110.82889556271981,46.77211463406416],[-110.83312524247555,46.772085817664156],[-110.83841372310168,46.77205127961633],[-110.84371184223666,46.77201646985832],[-110.84371451541257,46.77020722695246],[-110.84370513227525,46.766589498028644],[-110.84368403750027,46.762973288620564],[-110.84366158869085,46.759357086698245],[-110.84363827328308,46.75574088833147],[-110.84361452762872,46.75212469469238],[-110.84441461112277,46.752144517663176],[-110.8488866415716,46.75213374992932],[-110.84972675332246,46.75213170119256],[-110.8523815978336,46.75212495132792],[-110.85231381419122,46.750194311734305],[-110.85225289595861,46.74845436294612],[-110.85212641378044,46.74483552900314],[-110.85209612006179,46.74393241892038],[-110.85206582200988,46.74302930431505],[-110.85200523425914,46.74122307748848],[-110.85068977734407,46.74121993673328],[-110.85065874220044,46.74031619139974],[-110.850627712116,46.73941244953496],[-110.84931934889454,46.739408690847846],[-110.84926437570684,46.73760060243751],[-110.85188323786194,46.737609358890225],[-110.85450217728129,46.73761916691703],[-110.85513780555897,46.73762123703365],[-110.85553262731625,46.737622718739345],[-110.85581753063086,46.737623767228],[-110.85617528452735,46.73762462560931],[-110.85713134226299,46.737627542511255],[-110.85716264589053,46.73852833883065],[-110.85847274135133,46.73853033732074],[-110.85978309187527,46.7385323059993],[-110.86109436436698,46.738531411967074],[-110.86112312486142,46.73943048915803],[-110.86243190448943,46.739428729352284],[-110.86373426276211,46.73942696566447],[-110.86376363440657,46.74033042035404],[-110.86245823514386,46.740331014176554],[-110.8615077692762,46.740331414424254],[-110.86115194791137,46.740331588347644],[-110.86116150178341,46.740627400507535],[-110.86118106341075,46.74123271818038],[-110.86117739234366,46.74123269632618],[-110.85987696957399,46.74123207016332],[-110.8599441004386,46.74318505428283],[-110.85996612983602,46.74380837040557],[-110.85998121801292,46.74423324715058],[-110.85999479245591,46.744620016332235],[-110.86000270500068,46.74484703265922],[-110.86003961807761,46.74575189329645],[-110.86075847662937,46.74575285771482],[-110.86144699501077,46.74575379485511],[-110.86527659748884,46.74575932032083],[-110.87065034294382,46.74573192553899],[-110.87602370957488,46.74570427373212],[-110.87606151707355,46.74842811855056],[-110.8761119243522,46.75205963965362],[-110.8805153614691,46.75205262160306],[-110.88138049876883,46.7520502811437],[-110.885787827742,46.7520312325989],[-110.8866471683931,46.75202375350232],[-110.89106199083096,46.752054289062706],[-110.8918337136871,46.75205085175004],[-110.89633531936903,46.75203369782283],[-110.8963402368725,46.752033671770704],[-110.89658288410332,46.75203269653376],[-110.89700587786832,46.75203113925312],[-110.89701268046393,46.75203107565646],[-110.89701767348876,46.752031032444926],[-110.89992308568881,46.752017414442534],[-110.90167595724118,46.752012023739724],[-110.90168092302193,46.75201199056157],[-110.90233723608779,46.752009204953126],[-110.90234226602246,46.752009120543285],[-110.90604022180165,46.751992322736605],[-110.90692926375824,46.75198942039624],[-110.90693303629457,46.75198938551832],[-110.90692480924892,46.748342332018254],[-110.90691882520534,46.74469527206838],[-110.90691621812701,46.741055587139336],[-110.90690925008634,46.73741591432834],[-110.91219711545374,46.73736249978488],[-110.91748515071617,46.7373204677854],[-110.92266855399573,46.73736392720183],[-110.92277497230631,46.737364639849226],[-110.92785300104336,46.7373896091566],[-110.92806573561164,46.7373885007644],[-110.92805503450361,46.74102965391137],[-110.93340896066675,46.740984167966126],[-110.9334139097583,46.74098418491604],[-110.9362986125489,46.74095897965797],[-110.93861130288195,46.74093954701846],[-110.9386162720716,46.740939433853136],[-110.9438108014302,46.74092618808979],[-110.94399584782619,46.740925670208235],[-110.94400080785822,46.74092560643763],[-110.94920182917298,46.740911948838665],[-110.94920547222833,46.74091194840765],[-110.94921133768595,46.74463522381571],[-110.94921157465873,46.74826984832423],[-110.94920936364848,46.75190447029777],[-110.94922005251327,46.75551872809541],[-110.94922057914567,46.756025859262536],[-110.94922413361034,46.75602656846484],[-110.95081990900631,46.75571857790194],[-110.9516146980513,46.75557283648348],[-110.95161997737677,46.75912985850462],[-110.95162080425034,46.75968608901839],[-110.94922654798226,46.76014070549798],[-110.94922265379499,46.76184799489246],[-110.94922016957922,46.76270276171492],[-110.94921769153797,46.76355532818323],[-110.94921144371821,46.76526212477338],[-110.95453438444014,46.76425898549034],[-110.95458511711442,46.76424942556336],[-110.95982557336133,46.763629007049644],[-110.96049865227354,46.76354932251657],[-110.96049720458508,46.76519770057659],[-110.96509691893944,46.764652076457836],[-110.96639960833846,46.76449736512687],[-110.9664002490857,46.76616738576274],[-110.96509962259654,46.766307536412484],[-110.96493242284184,46.76634280934388],[-110.96510092111912,46.76632279785164],[-110.97036696790562,46.766314962464314],[-110.97035674488593,46.76269491566983],[-110.9703466092932,46.759074900665475],[-110.97039089441138,46.75545605829623],[-110.97043514857583,46.75183721045239],[-110.97574488207158,46.751819117945296],[-110.98105460794689,46.751800774487556],[-110.98629827433003,46.751812286479286],[-110.98637594104152,46.751812004364055],[-110.99154156817156,46.751792873254466],[-110.99151280901837,46.755418068192064],[-110.99148407346605,46.759043260579475],[-110.99145534200034,46.76266845515904],[-110.99142657911115,46.766293646979534],[-110.99668694867468,46.76628351662647],[-111.00194735855239,46.76627339232936],[-111.00720779088816,46.766263290523575],[-111.01246825167907,46.766253190420734],[-111.01247332159367,46.76264982865686],[-111.01247839007101,46.759046438599],[-111.01248346263246,46.75544307690439],[-111.01248853113779,46.75183968697876],[-111.01302338801999,46.751838530429815],[-111.01770780047912,46.75180603053527],[-111.01824223849555,46.75180232082685],[-111.02292706851466,46.75176982040123],[-111.02346109310001,46.7517685809618],[-111.02348047069954,46.74807890672701],[-111.02349948770633,46.744462429243754],[-111.02351853636755,46.74083420161643],[-111.02353761259327,46.73720597325588],[-111.02353629751238,46.73357952343601],[-111.02353498083133,46.72995310215131],[-111.02353366927039,46.72632523469139],[-111.02353238023431,46.72269736936412],[-111.01826603842791,46.72271478901549],[-111.01299972557969,46.72273218439402],[-111.00774169096303,46.72273363498021],[-111.00248365624684,46.72273508319445],[-110.99722400252666,46.722735368279096],[-110.9915227494089,46.722735819563184],[-110.99152235253885,46.72249700051685],[-110.98626971683943,46.72248265580861],[-110.98572974028205,46.7224810692128],[-110.98102822638447,46.72246757735259],[-110.98048907266914,46.722466219888986],[-110.9757683105275,46.72246900717505],[-110.97522589715139,46.7224695296676],[-110.969963361351,46.72247217204773],[-110.96469553448694,46.722459674411645],[-110.95942768528096,46.72244524457541],[-110.95415981857687,46.72243006000876],[-110.94889191908008,46.72241529663212],[-110.9488846342737,46.71880266830103],[-110.94887372492664,46.71519004265997],[-110.94886486914487,46.71157741229518],[-110.94886375419556,46.70796477776069],[-110.94360036310975,46.70796354815951],[-110.93833696403554,46.70795887407776],[-110.9330735430904,46.70795678915914],[-110.92781011821621,46.70796333291772],[-110.92779396741912,46.70434898687585],[-110.92776804499866,46.70073467501984],[-110.92773918263154,46.697120383712914],[-110.92771427422605,46.69350609762044],[-110.92245356845076,46.69351690737064],[-110.92241005712008,46.693516979406766],[-110.91719022364173,46.6935235700631],[-110.91710476164675,46.693523653753964],[-110.91190070062778,46.69352756386347],[-110.91185797972113,46.693527589652334],[-110.90663735384459,46.69353014124596],[-110.90195360905828,46.69357503645523],[-110.89669126226963,46.69362123177378],[-110.89140757497822,46.69365871406429],[-110.89137103285717,46.693658816873466],[-110.88612419295484,46.69368297666196],[-110.88080475700923,46.69372694581874],[-110.88071934392207,46.69372764886576],[-110.8754838218649,46.69377090947024],[-110.87010155350268,46.693819984404364],[-110.87006576828922,46.697475528851946],[-110.87003011287612,46.70111753286452],[-110.86471112720592,46.70118363119824],[-110.86472922391256,46.70479670918386],[-110.86474686778048,46.70840979244883],[-110.8626695482579,46.708420105548996],[-110.86212112790736,46.70842289967918],[-110.86205629128472,46.70842332156069],[-110.8594670773424,46.708440056363855],[-110.85418718680151,46.708462579455926],[-110.85415530184876,46.704796456137075],[-110.85412398500988,46.70119535503342],[-110.85941738308003,46.70118958134473],[-110.85942488871308,46.697521425300046],[-110.85941093249744,46.69390606300395],[-110.86476105737027,46.69388332159624],[-110.86475753246802,46.69024307490944],[-110.85940411839029,46.69025988311806],[-110.85939732519599,46.68662502329641],[-110.85409347608565,46.68664675724813],[-110.85408895655581,46.6830295502952],[-110.8540843233128,46.67932437832175],[-110.84881655887058,46.67933616229789],[-110.84348541919206,46.679350653531976],[-110.84348539288311,46.67968178945415],[-110.83785553162932,46.67967672573296],[-110.83258490451767,46.67966856989612],[-110.82731426052311,46.679658090649106],[-110.82204525402138,46.67964631844131],[-110.8167840883131,46.67964601624204],[-110.81152459893187,46.67964571526517],[-110.80626508152346,46.679645414602426],[-110.80100556221647,46.679645113950855],[-110.7957417656359,46.6796338945898],[-110.7904780000213,46.679622649288845],[-110.78521420250617,46.67961143007458],[-110.77995040517251,46.67960021227526],[-110.77995041080928,46.67980464471581],[-110.77415900497542,46.67980455104014],[-110.76890126306904,46.679804502024986],[-110.7636431377211,46.679804199957886],[-110.75838500768842,46.6798038989595],[-110.75312882552271,46.67980437691696],[-110.74787591532849,46.67980475987395],[-110.74261330229979,46.6797994988261],[-110.74538955688378,46.683420136493524],[-110.74609572678952,46.68434273620113],[-110.74459519649778,46.687037688212484],[-110.74262471314296,46.69057650210669],[-110.742579049073,46.69065848055923],[-110.74257415849527,46.69066725789749],[-110.73958475861802,46.69065778317448],[-110.73736571328466,46.69065073673679],[-110.73736571404137,46.6906572083401],[-110.73736915601538,46.69427981991028],[-110.74262843710979,46.69427998476447],[-110.74263418736044,46.697898375212034],[-110.73737432542596,46.69789820858965],[-110.73737949166848,46.70151659896029],[-110.73211610010311,46.70151615551154],[-110.72685270971033,46.70151545791825],[-110.7268571542675,46.705134260130464],[-110.72159340939727,46.705133788424],[-110.72159749412762,46.708752921103375],[-110.7215991177611,46.7105626535653],[-110.71633533783985,46.710562368272676],[-110.71633729726285,46.712371960924976],[-110.71472424515905,46.71237183100758],[-110.71633804779758,46.713062339811096],[-110.71786898155864,46.71371740273022],[-110.71683022947155,46.715198848494076],[-110.71634015004975,46.714989134505],[-110.71175434457962,46.71302691914512],[-110.71107706472398,46.71280220247436],[-110.70977825667758,46.71237124110018],[-110.70637038146381,46.711240487861254],[-110.70632707657741,46.71130224060292],[-110.70581593637814,46.71098285160804],[-110.7022421531769,46.70874966462085],[-110.70190263428613,46.708537508420335],[-110.70055164295749,46.70843023364398],[-110.69596495543678,46.708066019441226],[-110.6970469055023,46.70652282258146],[-110.7005513588001,46.70680110248401],[-110.70298455587178,46.70699431142207],[-110.70579940692711,46.70875323505096],[-110.70581543611102,46.70876326369597],[-110.70740907969234,46.709759043513884],[-110.7110758537621,46.71097572219301],[-110.71279436706641,46.711546046142416],[-110.71331453622673,46.711768669342234],[-110.71370338302403,46.71193496717492],[-110.71370675451789,46.711936020484536],[-110.71370390950642,46.708752939189075],[-110.7110744072368,46.70875302015988],[-110.71107132337598,46.705132531900354],[-110.70581299014839,46.705131750199335],[-110.70581054586783,46.70151023596505],[-110.7005504639048,46.70150829097021],[-110.69529037945892,46.70150614979149],[-110.69003332253769,46.7015055091409],[-110.68477629702296,46.70150461911825],[-110.68477675661357,46.69969558822958],[-110.67951964235715,46.69969464368077],[-110.67426250515435,46.699693474615955],[-110.67426218516748,46.70150211237989],[-110.6690054351456,46.7015016390574],[-110.66374868433972,46.70150094193124],[-110.65849079715994,46.7014999659433],[-110.65305940376348,46.701498737555404],[-110.65305270654763,46.7051138642887],[-110.6530460124354,46.708728993504224],[-110.64781540243055,46.70872123234569],[-110.64780229110453,46.70872123309385],[-110.6425585405435,46.708713446655324],[-110.63732259755459,46.708705355160376],[-110.63208993970257,46.70869721709815],[-110.63208501048653,46.708697238203385],[-110.62682659460305,46.7086954760311],[-110.62156654058663,46.708693718509195],[-110.61630648408448,46.70869195927604],[-110.61104642975013,46.708690171280004],[-110.60576742951186,46.70870185679907],[-110.60048842806455,46.70871354151487],[-110.59520942411261,46.70872522723995],[-110.58993210826037,46.708736907692355],[-110.58992309266307,46.70511845277518],[-110.58991578897474,46.701500023608595],[-110.58990845432643,46.69788156667651],[-110.58990112593153,46.69426311044282],[-110.58989690470447,46.69064332086052],[-110.58989271092699,46.68702350119146],[-110.58988848828923,46.68340371320178],[-110.58988426560005,46.6797838936169],[-110.58988221296326,46.6761657437217],[-110.58988015933097,46.67254759467383],[-110.5898781054467,46.66892941857465],[-110.58987607985593,46.66531126917623],[-110.58462108069527,46.665319428276824],[-110.57936611017605,46.66532761262702],[-110.57411113712308,46.66533576851384],[-110.56885616923506,46.665343955276676],[-110.56884096226129,46.661445971199285],[-110.56882729673626,46.65783455415164],[-110.56880782966891,46.65422972068087],[-110.56355894054757,46.65422730149731],[-110.5583100517616,46.65422463200876],[-110.55306294350216,46.65422182536049],[-110.5478158042329,46.65421876616046],[-110.54781481318943,46.65366943631379],[-110.54780875155352,46.650614639792536],[-110.54741468448789,46.65061399725182],[-110.5474169959127,46.65006286263804],[-110.54742268356871,46.64696667506062],[-110.54742366489687,46.646440485783586],[-110.54742938236011,46.643319351369016],[-110.54743138958987,46.64281813525428],[-110.54218147460674,46.64280205674009],[-110.53693153045285,46.64278575417334],[-110.53168136324803,46.642769202303725],[-110.52681573763562,46.64275365350526],[-110.5211084431945,46.64273006863835],[-110.51585674996588,46.64270809929749],[-110.51585069917499,46.63909173898946],[-110.51059780908201,46.639071519247715],[-110.51058911949016,46.63545702259534],[-110.51056839948235,46.63183413621409],[-110.51054770505665,46.62821114081284],[-110.50792195529566,46.62820082750727],[-110.50660908302743,46.62819562784039],[-110.50660429988099,46.627289678906926],[-110.506599512976,46.62638372995956],[-110.50791211034027,46.62638909381591],[-110.50790229358041,46.62457736508785],[-110.50788260286436,46.62095381666489],[-110.50657075392282,46.62094800862438],[-110.50656852738614,46.62004275322123],[-110.50656629831178,46.61913749779463],[-110.5078782315278,46.61914338936655],[-110.51050208788709,46.619155171293215],[-110.51574983671546,46.61917862427777],[-110.51574596241592,46.61736863859937],[-110.51573816001334,46.61374861227035],[-110.51573038351049,46.61012775413428],[-110.5157226072701,46.606506923204385],[-110.51047255440334,46.60648206283095],[-110.50522249913423,46.60645720124203],[-110.5052155698926,46.60464735844505],[-110.49996484858762,46.60463724129669],[-110.4999581990101,46.602828596138465],[-110.4974391788456,46.60282424264677],[-110.49470775228326,46.60281944237786],[-110.49469506057862,46.599204400960694],[-110.49223637246868,46.59920055228599],[-110.48944455813832,46.59919605540576],[-110.48943868480438,46.597384133324034],[-110.494686906752,46.59739217081268],[-110.49993518877064,46.59740220952734],[-110.50180072175195,46.597405695919775],[-110.50518304612012,46.597411959201196],[-110.50517130909267,46.59560614410672],[-110.50490885740882,46.595605450057576],[-110.4999254806954,46.595593172053384],[-110.49467875613372,46.59557994317712],[-110.4894327836351,46.59557223832895],[-110.48418645033246,46.59556425841269],[-110.48419405721339,46.59918746004886],[-110.48157425149576,46.599180606498955],[-110.48158269144668,46.602796891006506],[-110.47896346806174,46.60278981409832],[-110.4789724914249,46.606405820644326],[-110.47898768339367,46.61002618872332],[-110.47900284611953,46.613646415937566],[-110.47901803437463,46.617266425286324],[-110.47378044915295,46.61725162067236],[-110.46854288942743,46.61723681488307],[-110.46852792177529,46.61361695319557],[-110.47376539370107,46.61363180963838],[-110.47375031610422,46.610011527300045],[-110.4737352387368,46.60639121726484],[-110.47372502180116,46.60277546478806],[-110.4737152120303,46.599159691954945],[-110.47371152744675,46.59915988195966],[-110.47109697692495,46.59915263922832],[-110.47108469863245,46.595533989560465],[-110.47108100760738,46.59553409852147],[-110.46846599851177,46.59552789528402],[-110.46845336732588,46.59191019708499],[-110.4684450969283,46.58829544966479],[-110.47368962134192,46.58830642347294],[-110.47499902401746,46.58830918196624],[-110.4749975997523,46.587405736898695],[-110.47630681174131,46.587408525877464],[-110.4776160201607,46.58741131150323],[-110.47761417841939,46.58650792185707],[-110.47892316607297,46.586510734639894],[-110.47891909631282,46.58470406624999],[-110.48153623867374,46.58470977553173],[-110.48154609483413,46.588322781790644],[-110.4841648998089,46.588328131412645],[-110.48547513591625,46.58833080516268],[-110.48548136995593,46.590136780103535],[-110.48679205061207,46.59013906701952],[-110.48941341255235,46.590143611691374],[-110.49203482905297,46.59014812781593],[-110.49202637079676,46.58834395759966],[-110.49464695356981,46.588349137414234],[-110.49464214006704,46.58744760528871],[-110.49595379722064,46.58745089001338],[-110.49594895692161,46.58654972072079],[-110.49726066344653,46.586552951926464],[-110.49725243027396,46.584749113160484],[-110.49594007891248,46.58474613274534],[-110.49592573441971,46.58293698625094],[-110.49461249930076,46.58293386990884],[-110.49199969619612,46.582926882716755],[-110.49069329117184,46.582923376969696],[-110.49069003604197,46.58201862321255],[-110.48938507666465,46.582015061199115],[-110.48808011773974,46.58201149949549],[-110.48807975096724,46.58110666327175],[-110.48677623764696,46.581103045400646],[-110.48416921347038,46.58109572786095],[-110.48418662730055,46.57747599077705],[-110.4848675128325,46.577473000049814],[-110.48565215007424,46.57747558800683],[-110.48839787407802,46.57748479392105],[-110.48937598796606,46.57748818744103],[-110.48937780425953,46.5783937180077],[-110.49067698061697,46.57839800131345],[-110.49068023713664,46.57930328180534],[-110.49068349429396,46.580208591061634],[-110.4919855624489,46.580212402476015],[-110.49458970170349,46.580219968806645],[-110.49459729034908,46.581124610436575],[-110.49722548532296,46.58113106803004],[-110.4998537058398,46.581137470898504],[-110.49986541556247,46.58294622730734],[-110.49987128276622,46.58385062155254],[-110.50118404684827,46.583853318680895],[-110.50118946911324,46.584757517097756],[-110.50250179015505,46.58476003926575],[-110.50250805182179,46.58656582747263],[-110.5048692376844,46.586571569780915],[-110.50513169065003,46.58657223651684],[-110.5051264542098,46.584765006425364],[-110.50511824843764,46.58295752160411],[-110.50511003863008,46.581150070880426],[-110.5050936234737,46.57753510955428],[-110.50407000760484,46.57753266769411],[-110.50408592433261,46.57321501943807],[-110.50409728766513,46.569602363750796],[-110.50411859652075,46.565995067444696],[-110.50413987698587,46.56238780053865],[-110.49891551821081,46.56238284625475],[-110.49369116222759,46.56237789194632],[-110.48845649669789,46.56236910351403],[-110.4839874136698,46.56236111970411],[-110.4839989306872,46.55910318285003],[-110.4840001944445,46.55874266946703],[-110.48401179448959,46.55545620214817],[-110.48010886123022,46.55546103631659],[-110.48010790348991,46.55911329637317],[-110.48010421226226,46.55911332823579],[-110.47881403472792,46.55911675577172],[-110.47880893118692,46.559116770061436],[-110.47362525069052,46.55912977148963],[-110.47362022280808,46.55912978399712],[-110.46843425068977,46.55914290114247],[-110.46845318198734,46.56097709363063],[-110.46846353158315,46.561894186790184],[-110.4684598401587,46.56189421827423],[-110.46328964895908,46.561912550065536],[-110.4632438996945,46.55915581136216],[-110.46318503880504,46.55548003587758],[-110.45792949127153,46.55552400190272],[-110.45267394551942,46.55556771737427],[-110.44741839424334,46.555611209359434],[-110.44216285087941,46.55565442283656],[-110.44219403121619,46.55931295369425],[-110.44745786708852,46.55927389164521],[-110.44749731028034,46.562936437766744],[-110.45274759204464,46.562901623158695],[-110.45276580224872,46.562901505472745],[-110.45803426823377,46.56286657375569],[-110.46330276126182,46.56283161426369],[-110.46341312577762,46.56647930393105],[-110.4635239783705,46.57012695742915],[-110.46359306812576,46.573760021860984],[-110.46366395708066,46.577436845876306],[-110.46842032565941,46.57745553510053],[-110.46842860147474,46.58106858743165],[-110.4684327245136,46.582874588706765],[-110.46318300406469,46.58286053122626],[-110.46317713257898,46.58105264491454],[-110.45792177325886,46.581059173176165],[-110.45791019493085,46.57743984548862],[-110.45306962705654,46.577442574067035],[-110.45265500483825,46.57744293420846],[-110.45266638825598,46.58106547921388],[-110.4526777719432,46.58468802633759],[-110.44742224914968,46.584697468094035],[-110.44216669701859,46.58470666064606],[-110.4421556462286,46.58108156451205],[-110.44214459821166,46.57745646687347],[-110.43724169642171,46.57745405462034],[-110.43688876918586,46.577453887716956],[-110.43194259142066,46.577451446162286],[-110.4316329413346,46.57745238950955],[-110.42663812031016,46.57746897715028],[-110.42637700301017,46.57746983697537],[-110.42133365100085,46.57748656643772],[-110.42112108915703,46.57748645410434],[-110.41602554617096,46.577486873761714],[-110.41586154269247,46.577486873056195],[-110.41071746868465,46.5774873180828],[-110.41060199280017,46.577487235733024],[-110.40539994577998,46.57748770756553],[-110.40534219599608,46.57748773580994],[-110.40008243009827,46.577488206320716],[-110.40009094512898,46.5811085604609],[-110.40009949084605,46.58472888496996],[-110.40010803296713,46.588349237715846],[-110.40011657885992,46.59196959072073],[-110.40012759180705,46.59558777756754],[-110.40013857877928,46.59920596218292],[-110.3944422383276,46.59920710905039],[-110.38919338495653,46.599207897296274],[-110.38394502803135,46.59920846263393],[-110.3786967052774,46.599208804206555],[-110.37869652172857,46.602831092686856],[-110.37869636599025,46.60645340547883],[-110.37871165598989,46.61007491313858],[-110.3787269459273,46.613696450712204],[-110.37874220480732,46.617317959914644],[-110.37875749623448,46.62093949604975],[-110.37348094282882,46.62093589468364],[-110.36820438773215,46.62093230406449],[-110.36292783643036,46.620928742153424],[-110.35765128407111,46.62092515227736],[-110.35765149932476,46.62152391109656],[-110.35878602965941,46.62227301808473],[-110.3576519511656,46.622715289448216],[-110.35490179323091,46.623787770909864],[-110.35237254338485,46.622781171116635],[-110.34772575664303,46.62093178672697],[-110.34709612745095,46.62093219475378],[-110.34654733262578,46.62093102247683],[-110.34654736420745,46.62274943464119],[-110.34336245766836,46.62261936913099],[-110.3418096017211,46.62338299806105],[-110.33949073145087,46.62452331790895],[-110.33651341034562,46.62598735182613],[-110.33216170883517,46.628125324550794],[-110.33125597539264,46.62857029141627],[-110.32954644702043,46.62941014096848],[-110.32642007155546,46.62933932476575],[-110.3263618398845,46.62812420006606],[-110.32618846636716,46.62450710575461],[-110.32602122491153,46.621017517598105],[-110.32601509964938,46.62088970448549],[-110.32601193698895,46.62450690688698],[-110.32600877134668,46.62812411214655],[-110.32074422637334,46.6281228224751],[-110.31547967772863,46.62812128726152],[-110.3102170493697,46.62811867365815],[-110.30495441881041,46.62811580838014],[-110.29969178615404,46.62811269502735],[-110.29442915965927,46.62810935874624],[-110.28914869875048,46.628115802492005],[-110.28386820782241,46.6281219984894],[-110.2785877487055,46.62812797241542],[-110.27331365916916,46.62813367756586],[-110.27330729139,46.628134727241324],[-110.2671435747109,46.62813948676915],[-110.26189243469535,46.62814279426509],[-110.26187372474935,46.624517563496724],[-110.26185501429784,46.62089230317644],[-110.26184691736553,46.61726626707143],[-110.26183882284,46.61364023112112],[-110.25886742205657,46.61364212027734],[-110.25659243507903,46.613643516239144],[-110.25396925441535,46.61364504899709],[-110.25134607404412,46.61364655271868],[-110.24871863808131,46.6136483038783],[-110.247028648072,46.61364939436587],[-110.2460912175252,46.61364998699944],[-110.24346382207128,46.61365164162608],[-110.2408363974028,46.61365321230513],[-110.23985841689387,46.61365378469149],[-110.23820897397658,46.613654728541505],[-110.23558155307946,46.61365618852676],[-110.23032673457878,46.61365894054394],[-110.23033852312835,46.61727961226651],[-110.23035031195347,46.62090028326227],[-110.2288371966516,46.62089853046657],[-110.22995906702921,46.623318433178405],[-110.2250841337193,46.62421290448859],[-110.22459699290673,46.62430228353771],[-110.22394005257767,46.62442281109002],[-110.2223871215984,46.620891080090615],[-110.21981522852667,46.62088809393072],[-110.21454768584854,46.620882013920834],[-110.20928014234987,46.62087593288056],[-110.20402526759408,46.6208755458334],[-110.20234819334487,46.62087547114144],[-110.19877038991358,46.62087518683819],[-110.19351554120601,46.62087479899118],[-110.19161071509352,46.6208746967327],[-110.18826066600722,46.6208744393406],[-110.18365159595803,46.62086674576832],[-110.1829972881201,46.620865638118744],[-110.18263711694283,46.62086503542002],[-110.1803656149392,46.62086120499072],[-110.17773391201716,46.62085680473375],[-110.17510223770333,46.62085240279397],[-110.17252184540209,46.620848083924315],[-110.1724705318814,46.62084799772873],[-110.17247071462751,46.62197125030672],[-110.1724708262599,46.622659472371346],[-110.17247094726143,46.623403487434395],[-110.17247112226757,46.62447097111906],[-110.16720796569432,46.62446247514776],[-110.16347984980023,46.62446234159945],[-110.161952949007,46.62446225200837],[-110.15990512377608,46.624462109154564],[-110.15669796011723,46.624461810107356],[-110.15144205376029,46.624462173816056],[-110.14618728653241,46.62446228626209],[-110.14618306084975,46.62084059121583],[-110.14599489222918,46.62084073444281],[-110.14593125327691,46.624173094756564],[-110.14595767554641,46.62446240026842],[-110.14618940997839,46.6269986748929],[-110.14618926435598,46.62793998113738],[-110.14522069600642,46.62793471105128],[-110.14131038912913,46.62791336350988],[-110.14135280085723,46.624464808324696],[-110.14139732290845,46.620844391727566],[-110.14058501549167,46.62084504390115],[-110.13532888595194,46.62084960223456],[-110.13531094689348,46.62446771160126],[-110.13529298421793,46.628085794218634],[-110.13420943032277,46.6280862323306],[-110.13003585442912,46.62808782404948],[-110.1247786996635,46.62808962983413],[-110.1247638689438,46.631711128279285],[-110.12474971464361,46.63516765807221],[-110.12474903886744,46.63533262771697],[-110.11947466030271,46.63534157276529],[-110.1156783659733,46.63534803592889],[-110.11420028018668,46.63535051799889],[-110.11419334235966,46.63897379331543],[-110.11419069765981,46.640354850061534],[-110.1141863993829,46.64259704172985],[-110.10891191204577,46.642606598043976],[-110.10363744765384,46.642615906000074],[-110.10363039514894,46.646238456615144],[-110.10362717183934,46.64788773856609],[-110.10362331559625,46.64986101011964],[-110.10090994219902,46.64985898026498],[-110.0983533826494,46.649857010464],[-110.09308341659289,46.64985301074881],[-110.09063803021216,46.649851198701974],[-110.08781348175187,46.64984903854084],[-110.08415175573265,46.649846284500754],[-110.08254354612288,46.649845038200255],[-110.07727647236594,46.649843705474055],[-110.07429555407353,46.64984298339923],[-110.07200937276312,46.64984237650771],[-110.07199143067106,46.65347273260388],[-110.07198244550916,46.65528789733587],[-110.06934871391245,46.65529082634828],[-110.06933964527954,46.6571071571796],[-110.06670586056134,46.657111198584],[-110.0667013239483,46.65801797605838],[-110.0614336689706,46.658026530084356],[-110.06143825744374,46.65711911481633],[-110.06145672765203,46.65347942792808],[-110.06146128591794,46.65258249536484],[-110.06147522279693,46.64983973821499],[-110.05886986122863,46.64983047084362],[-110.05623687243344,46.64982104487908],[-110.05493547643732,46.649816398749785],[-110.05557592819169,46.65346740923001],[-110.05576270236013,46.65453213170483],[-110.0561910960723,46.65697403264265],[-110.05621518282732,46.65711130961915],[-110.05685254831278,46.66074418147929],[-110.05713738052552,46.662367672969395],[-110.05746296830962,46.66422330627273],[-110.05614471351369,46.664222048435654],[-110.0508877482169,46.66421701884331],[-110.05088486914738,46.66452262958431],[-110.0492621517441,46.66451936782902],[-110.0458903404549,46.66451251631721],[-110.04562056926822,46.664511962457354],[-110.04189658609936,46.66450444148921],[-110.04035630138635,46.66450129463871],[-110.03508353400275,46.664504433603824],[-110.02981076448573,46.66450757034172],[-110.0279786925748,46.664508688263226],[-110.02453802161884,46.66451070921988],[-110.01926525436265,46.664513847774565],[-110.01928012606237,46.66673250486451],[-110.01928908882034,46.66806936610222],[-110.01928924602444,46.66809288459999],[-110.01928950689408,46.668131782961744],[-110.01931289347215,46.671624856670505],[-110.01931323150764,46.67174968903058],[-110.01932275942477,46.67524304381095],[-110.01932306874578,46.67536787716944],[-110.0193329593287,46.67898603440409],[-110.01935115634517,46.68260621943421],[-110.0193693505831,46.68622640439369],[-110.01938754726513,46.68984658834426],[-110.0194000233941,46.692328505120365],[-110.0194057450925,46.69346677217764],[-110.01941546820723,46.69708468125127],[-110.01942522036177,46.70070261615345],[-110.01943112017754,46.7028988943194],[-110.01943494113407,46.70432055194227],[-110.01944466451172,46.7079384857481],[-110.017986231242,46.70793907743815],[-110.01433403586579,46.70794047644242],[-110.00907343322707,46.707942441215025],[-110.00381230198609,46.70794098697411],[-110.00146158007243,46.70794037721667],[-109.99855114995744,46.707939555266876],[-109.99326374471535,46.70792350055666],[-109.99104372592632,46.70791678975839],[-109.98797634094838,46.70790744605829],[-109.98268893602348,46.70789139268291],[-109.9774015298923,46.70787533772992],[-109.97501196151961,46.70786793959638],[-109.9721389593249,46.707858978389226],[-109.97039865822293,46.70785360407347],[-109.96687638776648,46.70784264497363],[-109.96446565982878,46.70783518069352],[-109.96161381734785,46.70782628436742],[-109.95635124697331,46.707809923578075],[-109.95635515289626,46.71142696317436],[-109.95635905806559,46.715044005272375],[-109.9526148738413,46.715050932791016],[-109.9510850955006,46.715053727194736],[-109.95109487393621,46.71866979856402],[-109.95110530321551,46.72208008026464],[-109.95110593300488,46.722285780023505],[-109.94584499740331,46.72229341724899],[-109.9458280649036,46.718678293166754],[-109.94581992766561,46.71694074631567],[-109.94581113339004,46.71506317065622],[-109.94053703221644,46.71507239110376],[-109.93526293075897,46.71508139068819],[-109.92997696906436,46.715062860757236],[-109.92469098091715,46.715044083778466],[-109.92466552473941,46.71143076743589],[-109.92464007177043,46.70781742388376],[-109.91971675150327,46.70780337620514],[-109.9193566667652,46.70780234017612],[-109.91905298121719,46.70780147800162],[-109.91407328996843,46.707787229047355],[-109.90882966534747,46.70775784047014],[-109.90662155293909,46.70774549312604],[-109.90358603910427,46.70772844986977],[-109.89834241253777,46.70769905904129],[-109.8930987882479,46.707669668875255],[-109.89307622988068,46.70407157968639],[-109.89306405533067,46.70212981434271],[-109.89305367342132,46.70047351733685],[-109.89303120069891,46.696886343171215],[-109.88782535892805,46.69689853555402],[-109.88528087909351,46.6969044158057],[-109.88256887653634,46.69691061865792],[-109.8825651308788,46.695390967647846],[-109.88256001766149,46.69331650230009],[-109.87730387052439,46.6933173358133],[-109.87447519810766,46.69331782838578],[-109.87204775126848,46.69331819566873],[-109.86994741859516,46.693321567453836],[-109.86675787980462,46.69332661389898],[-109.86146800983742,46.69333505722878],[-109.858371283577,46.693340021276626],[-109.85618474975732,46.69334347437719],[-109.85090149094721,46.693351890236976],[-109.8456192319784,46.69334100079282],[-109.84559817718056,46.69334097290663],[-109.84033697280701,46.69333011376942],[-109.84029270896808,46.696946615893495],[-109.83501361555743,46.69693530932344],[-109.83505251997698,46.69331886117859],[-109.82976806696779,46.69330761080447],[-109.82973177014796,46.696398775806585],[-109.82972931700729,46.69692216094188],[-109.82971599464022,46.6980965976645],[-109.82944369766338,46.69864474003093],[-109.82916977002543,46.699440864518664],[-109.82911388304849,46.70005813643449],[-109.82921181590388,46.70054202706476],[-109.82923721974852,46.70071593672959],[-109.82968464757113,46.70152563487839],[-109.82966221365369,46.70417069534984],[-109.82962856466678,46.7078031539418],[-109.8348914646799,46.707806609603054],[-109.83511521860713,46.70780676048021],[-109.83812847863166,46.707809341131544],[-109.83813526193599,46.70780934979104],[-109.8401596960362,46.70781187452426],[-109.84038328431818,46.707812093853256],[-109.84038005073683,46.70872568053881],[-109.84039116441997,46.71109228895087],[-109.84039268918394,46.711420406840425],[-109.84040144378106,46.713575232524995],[-109.84040738325092,46.71503031140886],[-109.84041576113874,46.7171054549106],[-109.84042197953269,46.71864534665503],[-109.8404266270872,46.719786061057434],[-109.8404367086504,46.7222603794771],[-109.84569934044086,46.72226585913354],[-109.85096197445111,46.722271275640864],[-109.85624752036534,46.722257565129496],[-109.858035933398,46.72225296255656],[-109.86153306668582,46.72224387935137],[-109.86681873848401,46.72223012879308],[-109.87210428115415,46.722216402479134],[-109.87210157176345,46.72115953863788],[-109.87209501021823,46.71859990818828],[-109.87735740055508,46.71858331223316],[-109.87736690419398,46.72220052567697],[-109.87738189244958,46.72581645875811],[-109.88264657165831,46.72580132338015],[-109.88266258671928,46.72922377641794],[-109.88266349654099,46.72941797117649],[-109.88511999480096,46.72941120546855],[-109.88792944711369,46.72940339863301],[-109.8930859656251,46.72938896032816],[-109.89306262504469,46.733007005988185],[-109.89303927804625,46.73662495955458],[-109.89302833236303,46.74026769943049],[-109.8930218470137,46.74245377614892],[-109.89301751676426,46.74391052402669],[-109.89815563644638,46.74379022154435],[-109.8993245558231,46.74376281899212],[-109.90329386800158,46.74366968598133],[-109.90683059922856,46.74358657765033],[-109.9083675476618,46.74355041644914],[-109.90839194401225,46.742239989624345],[-109.90843187389437,46.740095287506286],[-109.91110772184825,46.74006501863559],[-109.91343069780734,46.7400387042681],[-109.91343101107607,46.740163575828014],[-109.91343126733953,46.74026669831655],[-109.91676775446695,46.74027694853047],[-109.91871187762598,46.74028287631715],[-109.91872562763243,46.74390367375985],[-109.91918901012303,46.74390507256651],[-109.92400986752295,46.743919505076654],[-109.92704527197448,46.74392847255178],[-109.92928455155823,46.7439350355292],[-109.93455923994347,46.74395032449418],[-109.9345689354789,46.74756951893757],[-109.93457749996675,46.75090275334399],[-109.93457808513179,46.75483873308365],[-109.93983597782496,46.756258641075],[-109.94159444642472,46.75673357731013],[-109.94160923079299,46.758456862929656],[-109.94509402875778,46.75845635662684],[-109.94509138111565,46.76103624991854],[-109.95035791013842,46.76158145731937],[-109.95508573965537,46.76207087794005],[-109.95530155721781,46.76209318749656],[-109.95562480800724,46.76212660121122],[-109.95993796880188,46.76256985397784],[-109.96089139323274,46.76266781204264],[-109.96598161885416,46.763190867927996],[-109.96608862697502,46.76570235981815],[-109.96615713626146,46.76570243970584],[-109.969168115111,46.76569908369778],[-109.97142777122862,46.76569651311502],[-109.97669840924122,46.76569052461966],[-109.97936436928893,46.76568367908443],[-109.98195640129315,46.765676963187325],[-109.98559491971179,46.765667685505484],[-109.98721439655037,46.76566351923261],[-109.98721519911302,46.76747471377688],[-109.9924707511608,46.767461577716226],[-109.9977264359198,46.76744838147925],[-109.99773025129466,46.76563653523426],[-109.99906605577787,46.76563078717918],[-110.002994975197,46.76561378918589],[-110.00825970027209,46.765590981772],[-110.01352492461193,46.76557954126089],[-110.01354413547215,46.76199035229047],[-110.01966330349006,46.76198170941347],[-110.01966782038471,46.7636847879509],[-110.02491697983598,46.76369683568348],[-110.02729763029805,46.76370234358097],[-110.0301661416714,46.76370891351382],[-110.03201603076906,46.76370503581481],[-110.03540093282149,46.76369786153871],[-110.04063572320992,46.76368684007684],[-110.04591870151013,46.76368704978288],[-110.0492133323684,46.76368722546336],[-110.05120168127361,46.76368728375525],[-110.05284966991479,46.7636873637402],[-110.05648466423925,46.76368745377431],[-110.06176764871323,46.76368764805908],[-110.06228310106877,46.763688143417],[-110.06704007721967,46.763692601533805],[-110.06711172569602,46.76369242599258],[-110.07231368130986,46.763697034291745],[-110.07239727837056,46.763697090669886],[-110.07245580417873,46.76369713068872],[-110.07758637455231,46.76370158772355],[-110.07779975453194,46.76370176640497],[-110.08028006585714,46.76370399546289],[-110.08285920222289,46.76370625571073],[-110.08314357709476,46.76370624314604],[-110.0881283626963,46.76371052138099],[-110.08851281668458,46.76371087819654],[-110.09293752571473,46.76371461324489],[-110.093397527613,46.76371499170956],[-110.09388191928446,46.76371499100786],[-110.09707649776719,46.76371771863923],[-110.09866643074739,46.76371904161216],[-110.0988732236336,46.76371919653896],[-110.09925103491351,46.76371947912811],[-110.10150696958169,46.763721427491205],[-110.10393547137087,46.76372347551556],[-110.10462001611926,46.7637234477201],[-110.10920499630113,46.76372397277543],[-110.10982640380465,46.76372407112753],[-110.11048762644974,46.76372415717335],[-110.11447465639561,46.76372458573975],[-110.11479741234585,46.76372461582533],[-110.11503292724448,46.76372463601456],[-110.11974431839575,46.76372522600277],[-110.12014628570917,46.76372523777733],[-110.12023814407887,46.763725240223444],[-110.12501411486747,46.76372580102522],[-110.1252553793757,46.76372584417441],[-110.12544336283497,46.76372587675316],[-110.1302942680946,46.76372697525828],[-110.1303390937409,46.76372697580392],[-110.13045747867554,46.76372697363323],[-110.13371572922664,46.76372780191647],[-110.13547172992016,46.763728208336076],[-110.13557442603705,46.76372817580395],[-110.14047890201299,46.763728721262396],[-110.1408476355683,46.763728719857575],[-110.14370711666722,46.76372890344008],[-110.14370854648567,46.76535813398957],[-110.14370977384671,46.766755544349834],[-110.14371001640201,46.76704952378227],[-110.14371181211152,46.76901730920667],[-110.1437130461702,46.77037014137673],[-110.14371657206443,46.77398410285424],[-110.14371827366621,46.775798425725505],[-110.14371996742923,46.777598064623106],[-110.14639966299605,46.777576184581505],[-110.14903004304558,46.77755464651394],[-110.15240499072979,46.77752697754501],[-110.15433998010558,46.7775110682476],[-110.1596499129541,46.77746760270265],[-110.1649598394465,46.77742407166757],[-110.1702118430518,46.77739062517295],[-110.17184782826303,46.77738024096337],[-110.17546371246989,46.777357206635855],[-110.17927400147383,46.777341997059445],[-110.18073040930247,46.777336149364565],[-110.18074591394041,46.77733610449421],[-110.18078831915024,46.77733598270369],[-110.1845031859205,46.77732115550786],[-110.1861129252454,46.77731469280374],[-110.1861144932756,46.777663931996166],[-110.19110173400271,46.77766198882533],[-110.19636818543731,46.77765992267583],[-110.20163424812225,46.77765797749943],[-110.20690031393795,46.77765605820747],[-110.20690250273269,46.78127382986097],[-110.20690469168241,46.78489168924786],[-110.20690688108974,46.78850945992701],[-110.2069081638602,46.79076478772112],[-110.20690893970792,46.79212722730972],[-110.20751745346983,46.79212786606971],[-110.21216823837335,46.792130606234274],[-110.21278723369191,46.792130970494235],[-110.21484527666075,46.79213218359256],[-110.21742740803612,46.79213365251981],[-110.21805715418658,46.79213428149344],[-110.22014890026708,46.792135572820186],[-110.22268671518617,46.79213708729747],[-110.22332681048864,46.792137440662685],[-110.22794588940764,46.79214019037246],[-110.22822191351588,46.79214049030281],[-110.22859660836907,46.7921408955102],[-110.23321921751553,46.7921427771934],[-110.2336426811388,46.792142989072886],[-110.23388172589137,46.79214310633624],[-110.23638788548205,46.792144128975394],[-110.23849241262462,46.79214494371583],[-110.23916685382873,46.792145704959545],[-110.2437656180775,46.79214758555217],[-110.24445185002415,46.79214787949017],[-110.24589410910077,46.79214850436796],[-110.2490388201947,46.79214980266137],[-110.2497369874438,46.79215088563369],[-110.25430856770744,46.792157644249436],[-110.25461921275559,46.79215806534798],[-110.2549184003399,46.792158469633385],[-110.25751416633882,46.79216236658265],[-110.25957819083516,46.79216542229589],[-110.26009981968441,46.79216626555398],[-110.26484729759697,46.792173589513204],[-110.26527941359456,46.79217429108918],[-110.26973973970134,46.79218126589545],[-110.26974406748548,46.795799672834825],[-110.26974839845084,46.799418168331776],[-110.26975040000816,46.80114326960779],[-110.26975259763695,46.80303657325627],[-110.26975692974622,46.806655064933935],[-110.26967189926577,46.81027713031971],[-110.2695868599397,46.81389919322616],[-110.26960360586898,46.8154174169093],[-110.26962724483006,46.81752715946852],[-110.269642014453,46.81884963465274],[-110.26966776498726,46.82115503237583],[-110.26972539769879,46.8247870207367],[-110.26978290573778,46.82841900749761],[-110.26980226621333,46.832015065749424],[-110.26980233131815,46.83203792858043],[-110.26982189069005,46.83565675718055],[-110.26982965348083,46.83729790418169],[-110.2714725481067,46.83729734189748],[-110.27510624955653,46.837290543755664],[-110.27674897632009,46.837287386300865],[-110.27938688528377,46.83728389388813],[-110.28161371466022,46.837280817823064],[-110.28201049281056,46.837280007333746],[-110.28202557563253,46.83727997690223],[-110.28202384315335,46.83826292749584],[-110.28202238695758,46.839089433595746],[-110.28201935677725,46.84090069175814],[-110.28201313709724,46.84452140589531],[-110.28200857183428,46.84694862859378],[-110.28200224801998,46.850814625594495],[-110.28200069522289,46.85176282925586],[-110.28199764382317,46.85386131273429],[-110.2819957101545,46.855387399625585],[-110.28199059451353,46.859012059217974],[-110.28198663085303,46.86182344742609],[-110.28274790750969,46.861628178716224],[-110.28313715431403,46.861528332099226],[-110.28522569289716,46.861678941021744],[-110.28543819036213,46.86169426153557],[-110.28563802458221,46.86168106723905],[-110.28727205980192,46.86157316636145],[-110.28727518560565,46.8590103061198],[-110.29054720833405,46.85900915353663],[-110.292559778982,46.85900839934243],[-110.29784423943696,46.859006248917076],[-110.30312883190659,46.85900376118514],[-110.30839282790126,46.85899280438697],[-110.30913631861438,46.858991294402976],[-110.30953312427286,46.858990485492846],[-110.30839296274273,46.85857460383768],[-110.30670235252198,46.85795791255231],[-110.3042049323258,46.85734265138087],[-110.30313004153902,46.857320153764974],[-110.30018692060337,46.85725836672985],[-110.29898283611176,46.856747170412966],[-110.29784670466138,46.85626480300991],[-110.29739021378101,46.85607104461204],[-110.29566508847692,46.85568115220684],[-110.29433539887823,46.85538060984351],[-110.29417201552701,46.85534367006384],[-110.29256364339031,46.85527608764602],[-110.29181446612951,46.855244668515546],[-110.29146785292305,46.855230130479384],[-110.28859620600838,46.85504036373693],[-110.28883366661483,46.85479649971275],[-110.29126943120924,46.853615509229414],[-110.29256458005933,46.85436101199901],[-110.29303238840181,46.854630321727164],[-110.29431012003093,46.85523280451076],[-110.29570937444106,46.855329455682465],[-110.29612370539382,46.85537958406413],[-110.29726153773844,46.85551721064664],[-110.29729519047929,46.85552128006899],[-110.29738319818883,46.85544253424492],[-110.29745446965734,46.85537875918032],[-110.29771795790441,46.855143229652896],[-110.29784774968186,46.85502720969439],[-110.298444136682,46.85449392015166],[-110.29862560984802,46.854331642934746],[-110.30062561599777,46.85385918950713],[-110.30313283368042,46.8532668586845],[-110.3055877278304,46.85268688983165],[-110.30630946223773,46.85221279531071],[-110.30662675420967,46.852004367339575],[-110.30657096244829,46.851740212173574],[-110.30643467432382,46.85109551380943],[-110.30709783542699,46.85067118642405],[-110.30755231793992,46.85014706755235],[-110.3075633087186,46.85005103493059],[-110.30758734304911,46.849841046149145],[-110.30840005750379,46.84933005132419],[-110.30867364029807,46.84915780885294],[-110.3090868878417,46.848859367673896],[-110.30984425385967,46.84879557806044],[-110.31003359742022,46.84844030478242],[-110.31095720935873,46.848186841309165],[-110.3109545352308,46.848151262796044],[-110.31095146211273,46.848110370938976],[-110.31083787215489,46.84662506198315],[-110.31005463736072,46.846128260776354],[-110.30850379810241,46.845202672629384],[-110.3089881333889,46.84532363943893],[-110.31002852058481,46.84581430188015],[-110.31026099424216,46.84577599235331],[-110.31043263572914,46.84574770514962],[-110.31074275301195,46.84605792265664],[-110.31127887124019,46.84659420468783],[-110.31131009470944,46.847586369195376],[-110.31132375610831,46.848020502892005],[-110.31152517325827,46.84810935356547],[-110.3136668326398,46.84905391703133],[-110.31449274285227,46.84941815996169],[-110.31553517987226,46.84938572930199],[-110.3166819649682,46.849350041215025],[-110.3179750466245,46.851718655803886],[-110.31826475122996,46.85224915557227],[-110.31838737839779,46.852473702102614],[-110.3180300129929,46.85313407253318],[-110.31778667674136,46.85358372505102],[-110.31697965407986,46.85413093206465],[-110.31634189942747,46.85508522096427],[-110.31639378220436,46.85515167215891],[-110.31654744406079,46.855348478936016],[-110.31766979936944,46.856785314483595],[-110.3188962179676,46.8583552811369],[-110.31944070378194,46.858969133298075],[-110.31960439911568,46.85915365463261],[-110.32285418048227,46.86102280213041],[-110.32418693714594,46.86219451952051],[-110.32463071383506,46.86258467225355],[-110.32471638442489,46.86265993464722],[-110.32946523671058,46.86450023619918],[-110.32977743813036,46.86462125733812],[-110.32991267883051,46.86467368028486],[-110.33075104074756,46.864730759235776],[-110.33194454600748,46.86481200618985],[-110.33407138715764,46.86569095062963],[-110.33435005502386,46.86578353867334],[-110.33474471366861,46.86591466264171],[-110.33564191773677,46.8662126138857],[-110.33712144963548,46.86670400326532],[-110.34002531572915,46.86766836868139],[-110.34027321519955,46.86775070647132],[-110.34266820776965,46.86854731624512],[-110.34484546728605,46.86937321217321],[-110.34530984452209,46.869549529856066],[-110.3454457711993,46.86960115448427],[-110.34601493793953,46.869817319255006],[-110.34612305134611,46.86994977047418],[-110.34615318803318,46.869986688501115],[-110.34640092047621,46.87029044808774],[-110.34896447273385,46.86996285358296],[-110.34986700234838,46.869847483032125],[-110.35058542141692,46.86975564250589],[-110.35137382143316,46.869654893717964],[-110.35429395625975,46.86922012716751],[-110.35585863743715,46.86898713448855],[-110.35633394239227,46.86891633140045],[-110.35631025633128,46.86888770558877],[-110.35897376385492,46.86918084756079],[-110.36113598397228,46.86941877042978],[-110.36175999705577,46.869487422696544],[-110.36641110870227,46.86907246240989],[-110.3675037587039,46.86897496329677],[-110.37172126877212,46.86835757861604],[-110.3733667390033,46.86811673180463],[-110.37392752480112,46.868797008658106],[-110.37460362851552,46.869617149669],[-110.3741061534011,46.869689960178],[-110.37336795753133,46.86979799393061],[-110.37172636428473,46.870038362451716],[-110.36874089533778,46.87047544421029],[-110.36825444022938,46.87051908797731],[-110.36641688883024,46.87068392939924],[-110.3629991267887,46.87099055993177],[-110.36114031321056,46.87078594975071],[-110.357549476564,46.87039062919874],[-110.35752578775394,46.87036191274205],[-110.35658389173172,46.87050180415035],[-110.35586295078494,46.87060887216979],[-110.35256499329805,46.87109854963656],[-110.35058934871809,46.871280166549816],[-110.34744315431342,46.87156945551529],[-110.35059405585646,46.8730611316633],[-110.35104805860442,46.87327598968525],[-110.35140131406457,46.87344316349636],[-110.351535385297,46.87367853729364],[-110.35194664923604,46.874400167055654],[-110.35190084736739,46.87517995419156],[-110.3518781259721,46.87556679852724],[-110.35462257961993,46.87704168313095],[-110.35567095228348,46.87718577493742],[-110.35588105123146,46.87721462533398],[-110.35829421654499,46.877546307755416],[-110.36025672117,46.87825263710595],[-110.36081847481127,46.87833749393063],[-110.36116429886653,46.878389729659055],[-110.36197337156722,46.87851183398407],[-110.36247533693059,46.878587586141045],[-110.36446557407055,46.87876795932499],[-110.36560493747771,46.87877913281218],[-110.36583452779381,46.87873965995834],[-110.3664451188505,46.87863468110054],[-110.36746974019363,46.87845854114317],[-110.36829943931234,46.87831590247999],[-110.3682994135093,46.87848229807777],[-110.36829938397281,46.878677936393075],[-110.36771551540545,46.878780001979884],[-110.36644644503984,46.879001835191836],[-110.36475895087122,46.87929690632212],[-110.3660736655018,46.880493840811184],[-110.36645233052779,46.88066046361681],[-110.3665951242288,46.88072329086274],[-110.36912437283831,46.881836201417286],[-110.37176077388237,46.882996152217025],[-110.37252665139522,46.88333316460312],[-110.37440208073143,46.88415837806492],[-110.37443725844533,46.884222042707265],[-110.37449974796633,46.88433513622613],[-110.3750921389181,46.88540832823103],[-110.37707454303589,46.88740600266893],[-110.3776255990587,46.88796120209644],[-110.37983302468325,46.89018554056316],[-110.38038306224853,46.89073975721277],[-110.38129222471096,46.89158931476168],[-110.38237717632234,46.892603039895405],[-110.38517869337204,46.89522064777121],[-110.38569550088248,46.89570352425193],[-110.3871052809249,46.89733199877821],[-110.38789220608041,46.898241141571226],[-110.38817519516289,46.89883600022246],[-110.38888636840967,46.90033099027618],[-110.39108558119172,46.902389746693096],[-110.39109977732633,46.90240623538707],[-110.3911431625818,46.9024566277846],[-110.39168697026597,46.903087069277674],[-110.39248683916071,46.904014441810695],[-110.39357866795372,46.90609988780094],[-110.39389040357968,46.90669522778557],[-110.39395288173043,46.90812820126061],[-110.39682056261337,46.90901792484138],[-110.39698086847744,46.909045201992384],[-110.39883273660895,46.90936026524771],[-110.40104941769648,46.90973735166417],[-110.40226653889856,46.90994287835792],[-110.40755506958004,46.91083587998278],[-110.40889829998041,46.91106221007712],[-110.4128442955502,46.912013884205244],[-110.41685677803648,46.91298154410933],[-110.41813480608405,46.91332242586466],[-110.41823918607584,46.91335021171587],[-110.42342537106671,46.9147333397571],[-110.42848341555306,46.91608225904571],[-110.42830752017126,46.916264476000066],[-110.42827822115387,46.916294828074996],[-110.4251194277205,46.91565996125832],[-110.42342613002229,46.91531959161918],[-110.4220065621052,46.91503423539826],[-110.41941044946651,46.9145123222678],[-110.41813594113017,46.91411057518921],[-110.41668104201393,46.91365193293472],[-110.4155700809432,46.91351762934895],[-110.41522167724708,46.91335353427359],[-110.41473939987941,46.91312642169198],[-110.41284583162978,46.91281481274853],[-110.41264297366541,46.91278141650802],[-110.41108040237597,46.91237556143647],[-110.40867048050835,46.911749564508156],[-110.40755882887825,46.91174957571375],[-110.40654306513586,46.91174944659214],[-110.40386782964215,46.91098833180392],[-110.40340086651861,46.910918669008865],[-110.40226801540847,46.910749656481265],[-110.40150966255729,46.91063655368703],[-110.39698207780741,46.909887985360015],[-110.39651225840645,46.9098103003709],[-110.3963376282223,46.90973551955314],[-110.39325712588212,46.90841124201964],[-110.39322192687575,46.908230362314036],[-110.39293899860832,46.90677638737549],[-110.39262827904135,46.90609921468093],[-110.3918288819229,46.90435631896612],[-110.39168969536124,46.90416036643327],[-110.39054798353384,46.902552451293815],[-110.39043027263445,46.90245516472142],[-110.3880496479385,46.900487188385725],[-110.38750544703592,46.900742375770214],[-110.38713980273818,46.9004146863905],[-110.38538183215107,46.89883562690968],[-110.38486731216531,46.89837352351264],[-110.38237752181094,46.895948021158965],[-110.38218521771913,46.8957606577707],[-110.38237947564716,46.89562737891674],[-110.38297171939568,46.895221162586175],[-110.38315750341398,46.89509369161597],[-110.38327530371708,46.89501286522678],[-110.3823804236384,46.89439869001513],[-110.38190417435557,46.8940719274072],[-110.37992312749441,46.89159023673443],[-110.3794968314454,46.89105613937332],[-110.37852202681319,46.889586793014885],[-110.37707595133264,46.88843277248559],[-110.37648663097582,46.88796256583957],[-110.37605642152863,46.88761913450124],[-110.37426841077662,46.88563291890132],[-110.37404634566154,46.88482897739171],[-110.37393540059404,46.88442730823704],[-110.37371572468584,46.88433645560644],[-110.3717611417629,46.88352830837939],[-110.37068170094179,46.88308188451983],[-110.3664528066356,46.88195125220849],[-110.36363364409007,46.8811974972708],[-110.36298450388426,46.880928555434615],[-110.3625183640033,46.880735427399514],[-110.36179874796116,46.880437331801545],[-110.36116984788396,46.88017680803711],[-110.35876548307083,46.879180734963406],[-110.3578551076925,46.87898899899662],[-110.35593504251887,46.87858458076658],[-110.35588470530897,46.87853140000498],[-110.35586571801237,46.87851137838245],[-110.35546853939229,46.87809255379303],[-110.35389066526085,46.87754772051271],[-110.3536774033886,46.87738480530526],[-110.3534435155222,46.877206132162506],[-110.35152157317172,46.87573832052493],[-110.35121315029919,46.87569174403769],[-110.35085549128728,46.87368891692489],[-110.35059553661269,46.87358571761432],[-110.3460063607947,46.87179776079528],[-110.3453156166377,46.87188460839699],[-110.34253585512164,46.87223414738311],[-110.34221341277794,46.87156790969483],[-110.34142379501883,46.871787801229026],[-110.34101581515424,46.871901412744144],[-110.34247463000105,46.873736737713045],[-110.34293123987327,46.874311071995066],[-110.34003587841042,46.87609071999319],[-110.33997438086307,46.87612852684629],[-110.33913910532235,46.876176975392085],[-110.33827475874574,46.87712998719736],[-110.3382282658318,46.87723771410695],[-110.33779208084718,46.87824896976617],[-110.33541949384404,46.87916080851822],[-110.33493542493078,46.879254487894755],[-110.33474952169134,46.87929046384941],[-110.33474987106291,46.880225422753746],[-110.33475008392725,46.88079628505226],[-110.33475751990912,46.884416727691445],[-110.33476047954161,46.885883260350276],[-110.33476482701273,46.88803725950146],[-110.33621938729723,46.88803838757622],[-110.34005148195865,46.88804126002651],[-110.34005252240617,46.88867710995293],[-110.34005739068225,46.89165018911428],[-110.34006316481515,46.89525894006374],[-110.3347797033834,46.89526112243295],[-110.33478168880436,46.897156951225945],[-110.33478348752477,46.89887447352249],[-110.33283975105633,46.898874518706265],[-110.32949990481683,46.898874519781934],[-110.32950356439439,46.90248570631786],[-110.32950721899265,46.906096621902584],[-110.3242236485836,46.90609236840269],[-110.32422731184784,46.909701300284475],[-110.32423278662057,46.91331687635509],[-110.32423838948658,46.916932360494464],[-110.32424283421737,46.920549200361684],[-110.3242452667382,46.922581442934195],[-110.32424702157242,46.92404677463537],[-110.32459032749118,46.92404682016227],[-110.32459539132985,46.92538786564816],[-110.32460398336266,46.92766305167145],[-110.32460901784681,46.92900915264185],[-110.32461750966112,46.93127928036885],[-110.32463116917812,46.93489550614502],[-110.32464483187843,46.938511731723814],[-110.32464773391618,46.93935923055107],[-110.32465722246037,46.94213066305126],[-110.32466974740822,46.945749503190655],[-110.3194275048866,46.945737682768964],[-110.3164644575709,46.94573085876823],[-110.31414425293566,46.945725462164006],[-110.31414041966285,46.94934387272983],[-110.3141365831512,46.95296218855663],[-110.31415504148879,46.954317085915],[-110.3141860617335,46.95659398738062],[-110.31423567981427,46.960225871359405],[-110.31428529482143,46.96386576612505],[-110.30904066176987,46.9638644564467],[-110.30905214404031,46.967509928294945],[-110.30376910650193,46.967514135820345],[-110.30374858083137,46.97110987198731],[-110.30372805771525,46.974705696919145],[-110.30371835451355,46.97639412468029],[-110.30370739503616,46.9783014297767],[-110.30368686505457,46.98189716044539],[-110.30366863976263,46.98549791249145],[-110.30365991656811,46.987234054282645],[-110.30365054618083,46.9890986614245],[-110.30362624145393,46.992654086132276],[-110.30360193609876,46.9962094186642],[-110.30576819829855,46.99620663012899],[-110.30893064842333,46.996202486654965],[-110.31425923312408,46.99619548483111],[-110.31834336420752,46.996188304081784],[-110.31958528007571,46.996186093771996],[-110.32491146353848,46.99617681397445],[-110.32495871807278,46.999784929091646],[-110.32500584074424,47.00339278101924],[-110.3303195107865,47.00337866437653],[-110.33282858058591,47.003371908942974],[-110.33563329892988,47.003364293047454],[-110.33563299296402,46.9997684463461],[-110.33710244951452,46.999757676982284],[-110.34099241123972,46.99972907676784],[-110.34635188127689,46.99968940185695],[-110.34637205301267,46.99604407076069],[-110.35102176968954,46.99605216813458],[-110.35159696670213,46.99605320132989],[-110.35158712952546,46.99968145500448],[-110.35157715364608,47.00330917637357],[-110.35155624587728,47.00689494497945],[-110.35154703281128,47.00848753686355],[-110.35153549149625,47.01048250681548],[-110.3568233386412,47.01042991259206],[-110.35994825856193,47.01042494752542],[-110.3620333278319,47.010421586833694],[-110.36211254598115,47.01042143959244],[-110.3629404531191,47.0104201341939],[-110.36632836130919,47.01041473021265],[-110.36724318654421,47.01041311322076],[-110.37026885288876,47.01042458175224],[-110.37252746629335,47.010433091125584],[-110.37517270334698,47.01044314454726],[-110.37781174750009,47.010436532161705],[-110.38307786251985,47.010407555188735],[-110.38514498077731,47.0104003233163],[-110.38758986229345,47.010382204590826],[-110.38761855441113,47.014004512259746],[-110.38764725193052,47.017626909414126],[-110.38767604673134,47.02126280257945],[-110.38770484564712,47.0248987851938],[-110.38769930472614,47.026947507665696],[-110.38769503981946,47.02852453238157],[-110.3929689662112,47.0285255687514],[-110.39824302288181,47.02852627037643],[-110.40351827623644,47.028527350721475],[-110.40879339684052,47.02852818918631],[-110.41407324526446,47.028528116917684],[-110.41932060334464,47.028527803722206],[-110.41935309365006,47.02852780129076],[-110.41933899340218,47.02490717524172],[-110.42461387519289,47.024906474101414],[-110.42459328414051,47.02128112614668],[-110.42986900566629,47.0212808916256],[-110.43251682858867,47.02127835406394],[-110.43250582481797,47.019466762767834],[-110.43515252056092,47.01946498103049],[-110.43779934640902,47.01946313706374],[-110.4378124778104,47.02127318168102],[-110.43782573852522,47.0230830428367],[-110.44047468903956,47.02307959180016],[-110.44312351918806,47.02307643963913],[-110.44313045366806,47.02389841783809],[-110.44313877576218,47.0248848462407],[-110.44578873287973,47.02488099471247],[-110.44832457491856,47.024877250853194],[-110.45108838531402,47.02487310719863],[-110.45110738323012,47.02849298791883],[-110.45638443118771,47.02849656764291],[-110.46166147824296,47.028499816067544],[-110.46168139878479,47.03211653865853],[-110.46210973227824,47.032116667572524],[-110.46695903981066,47.03211801173939],[-110.47042360754325,47.03211890544066],[-110.47223654975697,47.03211933100912],[-110.47225751545231,47.03573244694967],[-110.47226793419719,47.03753900457919],[-110.47491706735558,47.037548892598984],[-110.47576994339848,47.0375520631982],[-110.4775663331661,47.03755872004107],[-110.48021560022765,47.03756857353261],[-110.48022372470648,47.03872656224017],[-110.48022828429997,47.03937637291872],[-110.4828783112835,47.039386700985325],[-110.4828929139574,47.04119367367313],[-110.48554315971755,47.041203758074424],[-110.48552833926978,47.03939696685832],[-110.48817823696523,47.03940726258304],[-110.4881934064896,47.04121378207398],[-110.48819993666488,47.04199828014372],[-110.48820844538035,47.043020302097595],[-110.4882386548449,47.04663324650643],[-110.48293673181045,47.04661458627743],[-110.48292212487904,47.04480761631534],[-110.47762063964706,47.04478825965482],[-110.4776346795624,47.04659568456927],[-110.47233263371565,47.046576537513005],[-110.47002325694369,47.046578493870065],[-110.46704708473234,47.046580946542726],[-110.46365366153795,47.046583707439126],[-110.4617615378683,47.04658520355904],[-110.45647598887109,47.04658921678541],[-110.45649257721225,47.050208114400405],[-110.45120340059978,47.05021316918968],[-110.45121636552655,47.05383344421715],[-110.45123190177738,47.05640366370087],[-110.45123822838708,47.05745039800871],[-110.45125996123119,47.06106735312683],[-110.45127089934324,47.06287587327241],[-110.45127606688054,47.06374125451888],[-110.45128169991362,47.064684394840974],[-110.45129478494394,47.06684793963189],[-110.45130357562259,47.068301343824466],[-110.45660048876987,47.068297582222414],[-110.45949907947876,47.06829561753154],[-110.46189754068835,47.06829393654742],[-110.46190399763516,47.06929277318363],[-110.46192092311966,47.07191087345074],[-110.46194417405515,47.07552771983671],[-110.46196742161305,47.079144200980295],[-110.46197690622067,47.080611164075556],[-110.46199080381724,47.08276059114584],[-110.46206151234625,47.08637775186174],[-110.46213223043746,47.08999490994567],[-110.46217324902665,47.09208850269373],[-110.46220297005519,47.09360540352853],[-110.46227481189877,47.09727655392951],[-110.46231701454049,47.10089700296713],[-110.46235935338731,47.10451744824354],[-110.46237783336461,47.10610327849377],[-110.46240149326046,47.10813384204867],[-110.46242339931182,47.1100048916526],[-110.46244370649276,47.11173934214006],[-110.46248196857898,47.11337077480804],[-110.46252988775034,47.11541377842324],[-110.46261497056719,47.119033944483846],[-110.46269971499073,47.1226417800852],[-110.46800205151266,47.12263236266034],[-110.46805079555128,47.1246771965513],[-110.46808816580081,47.12624468457356],[-110.46811467344297,47.12624464097315],[-110.47001452997691,47.12624287330176],[-110.4734448848876,47.12623960141424],[-110.47876211936564,47.1262389255216],[-110.47875319945993,47.12261100612092],[-110.47874427812798,47.1189830839934],[-110.4790491786617,47.11898176092478],[-110.48091236007046,47.118973659850745],[-110.48123890183832,47.11582722578935],[-110.48128794798724,47.11535459744591],[-110.48142940822878,47.11399004551708],[-110.48166186221512,47.111747606531296],[-110.48168511203707,47.11152511970726],[-110.48170503777968,47.111334443471264],[-110.48327945893587,47.11097846360738],[-110.48710559717985,47.11011344647721],[-110.48550060454912,47.11175546705028],[-110.48499875305517,47.112268523910465],[-110.48569040568287,47.115335668276785],[-110.48601276819959,47.11676509698569],[-110.48650550228166,47.11894982643206],[-110.48819247771725,47.118942590897234],[-110.48932059596582,47.11893773822676],[-110.48935859924555,47.122587647795456],[-110.48939660474704,47.126237465483875],[-110.49471385339662,47.12623677136847],[-110.49466208860149,47.1225757301257],[-110.49461046273957,47.11891468491775],[-110.49993972700457,47.11892533879497],[-110.5052689974932,47.118935754124955],[-110.50563262843593,47.118936451681634],[-110.51057176132767,47.118945795373456],[-110.51575977044992,47.11895549678467],[-110.51741174278857,47.118958535179],[-110.51747214367344,47.12257584934768],[-110.51753255141394,47.12619316076374],[-110.52284122137159,47.126177115692634],[-110.52540819555905,47.12616935685597],[-110.52814975971886,47.12616100622666],[-110.53030733738582,47.126157314516554],[-110.5334339031151,47.126151892702055],[-110.53427057217034,47.12615039479522],[-110.53443130674873,47.126150107162864],[-110.53871797984094,47.12615270512216],[-110.53872224351532,47.12965719952321],[-110.5387224012111,47.129746759134726],[-110.53872668187535,47.13327924354004],[-110.53872655766979,47.13334072281254],[-110.53873557002451,47.136899444272466],[-110.53873562284616,47.13691573594136],[-110.53874468793383,47.14049074725669],[-110.53910815475453,47.14049222815904],[-110.54040849508253,47.14049140204532],[-110.54392856090529,47.14048908984379],[-110.54441415133168,47.140488813140685],[-110.54923482416746,47.140485629595425],[-110.54972014942285,47.140485332870504],[-110.55454385522974,47.14048189953267],[-110.55534063934756,47.14048132848858],[-110.55985289171615,47.14047810300077],[-110.56048487093855,47.140476835028444],[-110.56096123835285,47.14047587594201],[-110.56515598507241,47.1404672760473],[-110.56629084585484,47.14046493150936],[-110.5691366002926,47.140459173632514],[-110.57045921484199,47.1404564710508],[-110.57077736535041,47.14045582324815],[-110.57162059024526,47.14045409748414],[-110.57576231603667,47.14044569497656],[-110.57695020731455,47.14044328721428],[-110.57956091519937,47.14043795201241],[-110.58106555056825,47.14043485086277],[-110.58227974319958,47.14043484240714],[-110.5822783311461,47.14411726536607],[-110.58227752146381,47.14604357936693],[-110.5822767870213,47.147799688447975],[-110.5829654428212,47.14779169726869],[-110.58749279409247,47.14773905966221],[-110.59076292756858,47.1477008716129],[-110.59270865820787,47.14767810603717],[-110.59405230471002,47.1476623898821],[-110.5956581849276,47.14764358666469],[-110.59792728107408,47.147616978064555],[-110.59957962860271,47.147597545040554],[-110.60314575818859,47.14755552325173],[-110.60303093379885,47.14399356202564],[-110.60291612471504,47.14043159795259],[-110.60614499042977,47.14042178537531],[-110.60819393917282,47.140415513224205],[-110.61347188744926,47.14039936723562],[-110.61340480685044,47.13674899759256],[-110.6133377391632,47.1330988050601],[-110.61327111421379,47.129469490315564],[-110.61323878959715,47.12771201268133],[-110.61320437094506,47.12584026310277],[-110.61386160916541,47.125838041376575],[-110.61844339194998,47.125822450930436],[-110.61844100769187,47.12489259313091],[-110.61843412796199,47.12219635088726],[-110.61908337830774,47.12219460513738],[-110.62368803727404,47.12218210944369],[-110.62369379112174,47.11855963709146],[-110.62370560743311,47.115169249561674],[-110.62370573267167,47.11512551971813],[-110.62370604730981,47.115014511837636],[-110.62371189980807,47.11334947764137],[-110.62371742163526,47.11177876784819],[-110.6237173803757,47.111469390312635],[-110.62350536226451,47.111469217416875],[-110.62350064679966,47.10815738714041],[-110.6235002057021,47.107847744162314],[-110.62349561947282,47.104535820160756],[-110.62349505170995,47.10422635732278],[-110.62349397591748,47.10255789033772],[-110.6234928135225,47.10075634531571],[-110.62349272671278,47.10060161230055],[-110.62349053374201,47.09697685973147],[-110.6285790272047,47.096967862620026],[-110.63287337002882,47.09696027676104],[-110.63366738895454,47.09695891288976],[-110.63753120670057,47.09695630481851],[-110.63896942587581,47.09695607517481],[-110.63938240124237,47.09695611480625],[-110.6412955597733,47.096956358494516],[-110.64201895561497,47.09695626786008],[-110.6412285779128,47.09429277996425]],[[-111.24862711627279,47.088162514606],[-111.24853772533919,47.08816266875958],[-111.24368402570913,47.0881694105545],[-111.24853777724337,47.08816264366066],[-111.24862717212928,47.088162489446816],[-111.25393234273231,47.08815814015561],[-111.24862711627279,47.088162514606]],[[-111.20155077401675,47.08825091574142],[-111.20098414527749,47.088252381961055],[-111.20155090505047,47.08825080846639],[-111.20627911743958,47.08824163177025],[-111.20155077401675,47.08825091574142]],[[-110.1035422118719,46.74372897883375],[-110.1028561440374,46.7439953642069],[-110.10360316656956,46.74369238917713],[-110.1035422118719,46.74372897883375]],[[-110.64780709330121,47.056004467732784],[-110.6464358982903,47.05768466016976],[-110.64550038228343,47.057454029214334],[-110.64682380186426,47.0556624483128],[-110.64780709330121,47.056004467732784]],[[-111.02556935568538,46.95403150906797],[-111.02556935638755,46.953977231743984],[-111.02556929295457,46.95346599575429],[-111.02677400540492,46.95403383482453],[-111.02784815969191,46.95454026085615],[-111.02784828592247,46.9553933078432],[-111.02556964373984,46.95448843589813],[-111.02556935568538,46.95403150906797]],[[-110.74822470765508,46.956097835323476],[-110.7475107987323,46.95556059018551],[-110.74833580130448,46.953761478578855],[-110.74846366644766,46.9534830512461],[-110.74847028952458,46.95346830774857],[-110.74942983073858,46.95349888485994],[-110.74822470765508,46.956097835323476]],[[-110.44392846731942,46.97827145361167],[-110.4440088864871,46.978551271322054],[-110.44335568490074,46.97855935010169],[-110.44136566915412,46.97858393844529],[-110.44127629573975,46.97827259983004],[-110.44117469282757,46.977918597371925],[-110.44111085273984,46.97769616793182],[-110.44375402537841,46.977663594911505],[-110.44381153053989,46.977863978778736],[-110.44392846731942,46.97827145361167]],[[-110.8552369469865,46.736706497004064],[-110.85457665647694,46.735790538229494],[-110.85445402696175,46.73562026960611],[-110.85443461052283,46.73487583905574],[-110.85440789457607,46.7339620487094],[-110.85572157536325,46.73395951483088],[-110.8557453837187,46.73487550569232],[-110.85576955817699,46.73579149572534],[-110.85579337581385,46.73670753044321],[-110.85581452148945,46.73750764286885],[-110.8552369469865,46.736706497004064]],[[-110.75323740201074,46.95036212041049],[-110.75263495165395,46.95079353756793],[-110.75258686958213,46.95082809837563],[-110.7523929755963,46.95096698596939],[-110.75170583363641,46.95051760731924],[-110.75038236541607,46.9496520492273],[-110.7520394075598,46.948461659856086],[-110.75405288544812,46.94977845362363],[-110.75323740201074,46.95036212041049]],[[-110.52731363894047,47.11895627703093],[-110.52719587665976,47.119625820918294],[-110.52717623037802,47.119737523479934],[-110.52709346916322,47.12020806760062],[-110.52577974813902,47.121052854295655],[-110.52575841612074,47.12106657199374],[-110.52327608453112,47.12055721100301],[-110.52505374980299,47.119186069737744],[-110.52535095689663,47.11895681979687],[-110.52594918050674,47.118495340949416],[-110.5268642460617,47.117789423235386],[-110.52739944479079,47.117696400502076],[-110.52753963464797,47.11767203270684],[-110.52731363894047,47.11895627703093]],[[-110.82733576142897,46.73469339727405],[-110.82619239527537,46.73530781277927],[-110.82410954694397,46.73475377014969],[-110.82551560613875,46.7339269451125],[-110.82733685050621,46.73285590697543],[-110.82786185532174,46.732547147902686],[-110.83018279066837,46.73316426484254],[-110.82874467061616,46.7339368249842],[-110.82733576142897,46.73469339727405]],[[-110.65807121940962,47.04712254562431],[-110.65772317036632,47.04707493404522],[-110.65989882077973,47.04514481140385],[-110.66104163179949,47.04413095840765],[-110.66129361188192,47.04416542809493],[-110.66270468272825,47.044358440237374],[-110.66210207103045,47.04514689753494],[-110.66104356891636,47.04653189192037],[-110.6603535412668,47.04743471189905],[-110.65807121940962,47.04712254562431]],[[-110.8327704312596,46.73033957910933],[-110.83534677517811,46.73143186727022],[-110.83786138967649,46.73196118728135],[-110.84239625538802,46.73291564484773],[-110.84239586732325,46.733004332575035],[-110.83786116554619,46.73214404383892],[-110.83602891042091,46.73179638431132],[-110.83260115361344,46.730413153738176],[-110.83260127610355,46.730338848616974],[-110.8327704312596,46.73033957910933]],[[-110.4569170433203,47.00777035722269],[-110.4521213029874,47.01041855706801],[-110.45094441016641,47.009431354302386],[-110.45080868329295,47.00923553340807],[-110.45094495066226,47.009165182845656],[-110.45556607932876,47.006645856909444],[-110.4569170433203,47.00777035722269]],[[-110.59949807015605,46.84301924160266],[-110.60093391940357,46.843613287622354],[-110.60030500438508,46.84442167305435],[-110.5995002992171,46.84545589107744],[-110.59829504338737,46.84700516439262],[-110.59624215295504,46.846156142382455],[-110.597593187221,46.84441969556071],[-110.59888137367099,46.8427640410843],[-110.59913172635595,46.84286764306533],[-110.59949807015605,46.84301924160266]],[[-110.7603289495708,46.958212408008535],[-110.75478313074892,46.95976864587946],[-110.75401274389672,46.958418104803535],[-110.75945508054451,46.956680505989],[-110.7603289495708,46.958212408008535]],[[-110.82907092936938,47.10539539785917],[-110.8291894478535,47.10539531990285],[-110.82921859198402,47.105395300844535],[-110.82923911865608,47.10539531952825],[-110.82940555086913,47.10539546745477],[-110.82940552887263,47.106693748574024],[-110.82940564053268,47.10721720609419],[-110.82940554479974,47.107560499613456],[-110.82940570112753,47.10901385743366],[-110.82738380804362,47.109013923311046],[-110.82720620514286,47.1090139960818],[-110.82687657199855,47.1090138432059],[-110.82675579670246,47.10901388807068],[-110.8267558191838,47.10722146041689],[-110.82675581458834,47.10539552702491],[-110.82865114612264,47.10539550450001],[-110.82907092936938,47.10539539785917]],[[-110.56812973881416,46.92310522886481],[-110.56505936207662,46.923734579904895],[-110.56455848682147,46.92383723730905],[-110.56423158546458,46.92390412918063],[-110.56274402532058,46.924208507822996],[-110.56262133043641,46.92383806447479],[-110.56221301014364,46.92260513620221],[-110.56245965965321,46.922554725283234],[-110.5628243615565,46.92248018399646],[-110.56501178923351,46.92203335280607],[-110.56793897441574,46.921435330371814],[-110.56812740014037,46.92200426924898],[-110.5684690377583,46.92303571553567],[-110.56812973881416,46.92310522886481]],[[-110.38118573858404,47.00694866508805],[-110.3804268128833,47.007297179440265],[-110.38029416497434,47.00735810044687],[-110.38019081366045,47.00740556704381],[-110.38010930846922,47.00731429233043],[-110.38009509132115,47.007297929435204],[-110.38008062261406,47.0072817124908],[-110.37969091807389,47.00684512517469],[-110.3793733200184,47.00648751728092],[-110.3782962242679,47.005276366556636],[-110.37822914628497,47.00520093895753],[-110.37780179116703,47.00472067406857],[-110.3770838362492,47.00391399979288],[-110.3776322107056,47.00366190389957],[-110.37766199711425,47.003648217889],[-110.37779976297934,47.00358491849626],[-110.37802987250664,47.00347910025861],[-110.37907958643804,47.00299658964093],[-110.37967048039498,47.003660569824376],[-110.38015466958731,47.004204754932715],[-110.38132488046698,47.00551991422965],[-110.38218663943243,47.006488106000084],[-110.38118573858404,47.00694866508805]],[[-110.4250799713314,46.98093809972748],[-110.42448843437484,46.9805145094048],[-110.42341937788416,46.97974885426986],[-110.42367723292773,46.97961494407194],[-110.4244838477485,46.9791960421056],[-110.4256625005984,46.97858407860637],[-110.4262357592821,46.978286428280576],[-110.42820567405887,46.97726349197316],[-110.4293003481055,46.97804755092648],[-110.42949750679507,46.97818876159944],[-110.4296217960431,46.97827778029689],[-110.42976549000076,46.97838075704239],[-110.42986656593834,46.97845302633294],[-110.42976581102084,46.97850542151901],[-110.4250799713314,46.98093809972748]],[[-110.7297547483228,46.96734693369924],[-110.73027184778041,46.96788516534013],[-110.72549366352807,46.96960250456121],[-110.7249544595324,46.96979633666697],[-110.72363426892257,46.96842234261944],[-110.72549075708926,46.96775505616314],[-110.72662395453905,46.96734777012242],[-110.72895171185357,46.966511141558044],[-110.7297547483228,46.96734693369924]],[[-110.96082583767394,47.014729000212064],[-110.95927971506127,47.01428666713931],[-110.95860775272288,47.01409441458832],[-110.95994131208528,47.01191456511056],[-110.96092701577066,47.010301307857674],[-110.96213076003038,47.01064570932207],[-110.96314454604578,47.01093575269142],[-110.96254544601943,47.0119157461164],[-110.96082583767394,47.014729000212064]],[[-110.9572429793613,47.02176336389329],[-110.95781814351353,47.02174251533723],[-110.9582924270106,47.02172531517921],[-110.95838049022383,47.02172212148123],[-110.95876211393815,47.021708277828914],[-110.95884570281937,47.02278631615147],[-110.95908046267508,47.02581395776232],[-110.95872127034546,47.02582698257254],[-110.95781642469895,47.02585978457723],[-110.95667877953785,47.02590102464187],[-110.95643754760843,47.02278821540754],[-110.95636059999661,47.021795341883106],[-110.9572429793613,47.02176336389329]],[[-111.03618703002469,46.96250311595298],[-111.03874170156094,46.961301707234604],[-111.04017962071103,46.96062548093177],[-111.04086218000637,46.9613058128373],[-111.04148573765427,46.961927307410186],[-111.04153971520833,46.96198111225747],[-111.04148579331327,46.962006447938585],[-111.03658951918432,46.96430908869533],[-111.03618813959898,46.96390900868234],[-111.03522942599294,46.962953432306975],[-111.03618703002469,46.96250311595298]],[[-110.6892321758376,46.97409944646301],[-110.68887412850853,46.973950231733824],[-110.68487328184673,46.97088362275363],[-110.68617587394779,46.9695017466315],[-110.69017669263641,46.9725681028134],[-110.69075401946037,46.973017658450345],[-110.68959245387884,46.974249588378434],[-110.6892321758376,46.97409944646301]],[[-110.46551189031837,46.97369088193474],[-110.46311115633998,46.97460935856861],[-110.46162425814627,46.97517823790696],[-110.46149696703979,46.975046897720055],[-110.45719696842444,46.97469328597309],[-110.45716937507883,46.9746510826613],[-110.45715072938941,46.974622563051085],[-110.45699857709856,46.97439015540298],[-110.4566319903901,46.97383019484548],[-110.45662021844701,46.97303790772572],[-110.45799170190503,46.97324201132502],[-110.46061219147123,46.97363194023286],[-110.4608611095431,46.97401222757586],[-110.46127031606072,46.9739010040303],[-110.46149399884958,46.97384020638159],[-110.46268026586237,46.97351763526803],[-110.46498775521788,46.97289013388156],[-110.46551189031837,46.97369088193474]],[[-110.45021421296866,46.62723327238628],[-110.44890086411701,46.627237563569174],[-110.44758754566848,46.627241797017646],[-110.44758404011277,46.62633624399298],[-110.44758056206162,46.62543068799129],[-110.4488938276387,46.62542617744496],[-110.45020709320194,46.62542166342911],[-110.45020353419062,46.62451586112297],[-110.45151677010637,46.624511209616976],[-110.4515131819311,46.623605293043205],[-110.45282636382824,46.62360053035704],[-110.45413957239998,46.62359579638472],[-110.45414324254604,46.624501933999184],[-110.45414688587445,46.625408099697125],[-110.45283362012968,46.625412611521085],[-110.45283726519224,46.62631863748817],[-110.4502106510897,46.62632746929826],[-110.45021421296866,46.62723327238628]],[[-110.4826943275967,46.97621303785144],[-110.48713030076962,46.97534231504695],[-110.48775761696868,46.97649888592038],[-110.48800294320321,46.977693319122615],[-110.48800253031358,46.97772086691503],[-110.48535633793087,46.97819708314876],[-110.48269934037623,46.97867468254686],[-110.4825213218943,46.97870663573504],[-110.48248667425145,46.978538078261856],[-110.48241750369293,46.97820156169626],[-110.48234865927601,46.9778660729351],[-110.48228839665833,46.97757239654849],[-110.48166105603006,46.97641588612905],[-110.4826943275967,46.97621303785144]],[[-110.65315334167862,47.071339336898376],[-110.65159384690965,47.074851400978666],[-110.64957184135798,47.07411836333073],[-110.64941606446679,47.074515560078616],[-110.64735586279237,47.073636244341344],[-110.64916653224931,47.07060029116948],[-110.65069583519504,47.071253306917015],[-110.6509721118032,47.070548744091205],[-110.65315334167862,47.071339336898376]],[[-110.61483629255802,47.087895540711486],[-110.61482421228953,47.08928898512622],[-110.60970457684557,47.091121721944106],[-110.60394211147276,47.090141091391985],[-110.60395184691245,47.08900408962232],[-110.60395594861282,47.08852521013665],[-110.60782596881289,47.08931783367875],[-110.60971643642272,47.089704966620566],[-110.61013262405125,47.08955789377005],[-110.61483629255802,47.087895540711486]],[[-110.71943507628797,46.929800224792444],[-110.72092323754721,46.930191550740915],[-110.72022492411807,46.93341795068773],[-110.72018094981402,46.933412504886775],[-110.71950040831031,46.933328202587646],[-110.71930711916758,46.93327739724413],[-110.71917176273874,46.93324178824828],[-110.71640820231198,46.93689139054901],[-110.71489308174822,46.93649303199536],[-110.71416670636157,46.93630203164242],[-110.71693037583279,46.93265242841499],[-110.71805092930822,46.932947094551665],[-110.71868201853637,46.92960219282722],[-110.71943507628797,46.929800224792444]],[[-110.89918926285445,46.966052715954454],[-110.90111181583742,46.96644303110376],[-110.9004333006019,46.96802137065804],[-110.89920356348031,46.96777219488225],[-110.89730834906848,46.96738083918404],[-110.89579226566833,46.966978563828654],[-110.89554703719578,46.96696427049233],[-110.89539280339064,46.96695535463724],[-110.89554360766994,46.96698437892996],[-110.89300317401977,46.96714445750229],[-110.88956352411348,46.96736118941753],[-110.89029634217361,46.96567943244757],[-110.89144196003248,46.96563024231202],[-110.89144602447655,46.96563013436388],[-110.89165615334676,46.96562125626268],[-110.8929873475239,46.96556529016862],[-110.89621336613276,46.96542981522886],[-110.89620189383615,46.965456209005055],[-110.89918926285445,46.966052715954454]],[[-110.48579763610879,46.96095404654701],[-110.48542337901529,46.96148934925096],[-110.48557334351825,46.96157787876984],[-110.48573281768303,46.961672022242404],[-110.48440699924666,46.96293291997192],[-110.48265633303329,46.96190012343176],[-110.47995929082799,46.96030904707241],[-110.4802127077479,46.960067978008716],[-110.48128501422414,46.95904802148636],[-110.48264892287595,46.95985264708186],[-110.48300405990666,46.96006220633141],[-110.4833839797408,46.96028629845412],[-110.48366995010616,46.96045497266569],[-110.48394590467893,46.960060229310784],[-110.48626331733047,46.95674594650087],[-110.4879397193706,46.95773495229029],[-110.48801667664644,46.95778037394951],[-110.4879845099245,46.95782631592827],[-110.48794032997512,46.95788941032044],[-110.48642620014348,46.960054978830016],[-110.48579763610879,46.96095404654701]],[[-110.44985782135755,46.99542438381497],[-110.44777172060799,46.99460896976116],[-110.44885792344346,46.993619971797344],[-110.4497885892414,46.99277255343097],[-110.45096669295168,46.991699897799656],[-110.4512280127327,46.99145856172114],[-110.45370713290241,46.989140081964116],[-110.4544903287168,46.98840759817847],[-110.45623533725262,46.98913334735091],[-110.45624710048295,46.98913823940783],[-110.45654476041207,46.98926203895447],[-110.45624844479086,46.98953797674672],[-110.45333055924101,46.99225568484424],[-110.45308927627008,46.992475404283994],[-110.45277000972843,46.99276613284299],[-110.4516869940594,46.99375262194981],[-110.45097412243634,46.994401931768],[-110.44985782135755,46.99542438381497]],[[-110.71378967623453,46.92715161790853],[-110.71496742688451,46.92393403567697],[-110.71524954786952,46.9231636700106],[-110.71733379225316,46.92373455781652],[-110.71726979582918,46.92393403386922],[-110.7160390352535,46.92776794954943],[-110.71616506642745,46.92780247757544],[-110.71699007794457,46.931874814655046],[-110.71606623779907,46.93162169516272],[-110.71456999092561,46.93121174377639],[-110.7137450630443,46.92713939540269],[-110.71378967623453,46.92715161790853]],[[-110.53329338060698,47.11328052163127],[-110.53327076296591,47.111795874455474],[-110.53857941291722,47.111736512711566],[-110.53863960741936,47.11534456361276],[-110.53332529842095,47.115375261944436],[-110.53329338060698,47.11328052163127]],[[-110.32469479583106,46.95298726471306],[-110.32420367526568,46.95298610416466],[-110.31941963069188,46.95297468519239],[-110.31942363381708,46.949356273644526],[-110.32468227007568,46.94936833952483],[-110.32469479583106,46.95298726471306]],[[-110.48283470860017,47.03356792074169],[-110.48171008494802,47.034066052920075],[-110.48043658196278,47.03463010251506],[-110.47868204667859,47.03345198638212],[-110.48057724448577,47.032612609246016],[-110.48162276398666,47.03214953808967],[-110.48282014269267,47.03161926404361],[-110.48373242708482,47.03121519548142],[-110.48418176008619,47.03151692971071],[-110.48610345788902,47.03088822132826],[-110.48960937917167,47.029741099883246],[-110.49142975233228,47.03096321714128],[-110.48894703191854,47.03177563679323],[-110.48811694357833,47.032047249223595],[-110.48774503634269,47.03216891372174],[-110.4860020710616,47.03273913281171],[-110.48548686723727,47.03239323588678],[-110.48283470860017,47.03356792074169]],[[-110.50063141306983,46.94177430912925],[-110.4984424987509,46.94139557901773],[-110.49836406654472,46.941382054991735],[-110.49833517117915,46.9413770729099],[-110.49837924769999,46.941236647171046],[-110.49844050791856,46.94104148119128],[-110.49930718190453,46.93827785343991],[-110.49958037981733,46.93737361160555],[-110.50367831797008,46.93479724430953],[-110.50382082735034,46.93470762680676],[-110.50392509837577,46.934642053822756],[-110.50410316758057,46.934530134054086],[-110.50476925508104,46.93464013169344],[-110.50639869237239,46.93490916873262],[-110.50493453961467,46.93574642758224],[-110.50369332055759,46.936456168047236],[-110.50336617376792,46.93664320820004],[-110.50354487195118,46.93667387785963],[-110.50369551188007,46.93669972750765],[-110.50437317734533,46.936816197987994],[-110.50402667592712,46.93826522960346],[-110.50371584194909,46.93932472712741],[-110.50348851965747,46.940099673853915],[-110.50120227617877,46.93976370501235],[-110.50063141306983,46.94177430912925]],[[-110.5192360600877,46.9310081070777],[-110.5193679562941,46.93110324719343],[-110.51914745507325,46.93113570365852],[-110.51878339744172,46.93118928994598],[-110.51958120100318,46.93144079121373],[-110.52314319515486,46.93256404484626],[-110.52261660735827,46.93334771736878],[-110.52213944558073,46.93405781276819],[-110.52081447491118,46.93364010645254],[-110.51957721148248,46.93325003138632],[-110.51668733759932,46.93233879944883],[-110.51731432475344,46.9314055334986],[-110.51428545753913,46.931851005100015],[-110.51347572209781,46.9319755657269],[-110.50894611761181,46.93267218598156],[-110.50852521771702,46.93273694824392],[-110.50810333930227,46.932801857997845],[-110.5072409177905,46.93217935721487],[-110.50679281155917,46.9314504938708],[-110.50893355619023,46.93117967725656],[-110.50956681555299,46.93109960283023],[-110.51031565777738,46.931004906851705],[-110.51186174359721,46.930809316213846],[-110.51430358914804,46.93043293552027],[-110.51771513424414,46.929910512900015],[-110.51853051324488,46.93049895102461],[-110.5192360600877,46.9310081070777]],[[-110.71512559571212,47.024358455526226],[-110.71419846139304,47.02337648714013],[-110.71409940228095,47.02327157224443],[-110.71611979097759,47.02237942589152],[-110.71704157680601,47.02337651194256],[-110.71752057387036,47.02389458698728],[-110.71825207622416,47.02337649221926],[-110.72169659027806,47.02093683025082],[-110.722647417975,47.02196540957361],[-110.72098324664218,47.0233764909703],[-110.71877369465767,47.02525001423878],[-110.7193327909262,47.02585476097416],[-110.71736097237402,47.026725426589074],[-110.71643042206317,47.025739902450724],[-110.71264448483771,47.027806817454525],[-110.71138153824887,47.026468877533866],[-110.71512559571212,47.024358455526226]],[[-110.34505233385505,46.64073873574213],[-110.34383019876931,46.641084472899436],[-110.34230927785973,46.63899464695845],[-110.34180576689383,46.638302797405686],[-110.34154861232811,46.63794945535607],[-110.3418044233678,46.63782976242518],[-110.3470726446306,46.63536510825235],[-110.35223489366291,46.632967305801984],[-110.35222773607603,46.63297504857321],[-110.35000173674462,46.63538320039316],[-110.34708141292224,46.638543232682316],[-110.34665813806475,46.63900126241738],[-110.34505233385505,46.64073873574213]],[[-110.49918760570075,46.97583857729621],[-110.49859913186808,46.97563588090131],[-110.49791760309107,46.975401040738575],[-110.49859513574938,46.97454584972667],[-110.49859497553271,46.974530188685904],[-110.50078280827184,46.97178437678979],[-110.5016945464657,46.972098462863656],[-110.50276484017698,46.97246715371477],[-110.50229707670591,46.97310346787674],[-110.50152367415939,46.97415552015954],[-110.50306342734888,46.97248497162133],[-110.50387935356056,46.97182836596204],[-110.5050692594613,46.97087061654972],[-110.50533666330702,46.97065538923684],[-110.50614072299287,46.970008318922915],[-110.50818872805588,46.97085640997936],[-110.50514697554044,46.97330453936192],[-110.50404176197237,46.974503773580054],[-110.50396212234506,46.97459009465475],[-110.50389172935331,46.974666393392674],[-110.50201628411037,46.97670129668148],[-110.5009304429176,46.976274173059714],[-110.50018225774599,46.97597985661773],[-110.5000641301519,46.9761404838992],[-110.49918760570075,46.97583857729621]],[[-110.83260230815856,46.72903057428072],[-110.8364014552713,46.73035292904847],[-110.83786273641665,46.73086149300704],[-110.83954506144549,46.73144696157259],[-110.84240315823051,46.73146324081294],[-110.8423971470485,46.73272635982746],[-110.83786161500522,46.731771580811206],[-110.83545848257987,46.73126560385549],[-110.83327913746511,46.730341487188966],[-110.83260149923646,46.730054124574764],[-110.82734014769576,46.727822773679435],[-110.82639896012707,46.72742356924862],[-110.8220773354717,46.72811383627814],[-110.82136931234791,46.72822698084066],[-110.82139165462361,46.726730184194395],[-110.82157335499465,46.72668423148004],[-110.82208036740442,46.726555953688155],[-110.82627475952573,46.72549625446335],[-110.82734132821078,46.72616492727992],[-110.82819492912085,46.72670006551413],[-110.83105133483863,46.72849067946102],[-110.83260230815856,46.72903057428072]],[[-110.6045532099118,46.85749468996197],[-110.60328108778344,46.85731182518433],[-110.60220679572505,46.857157386878214],[-110.6024136233452,46.85528438761728],[-110.60265950037974,46.85305778361466],[-110.60242810728671,46.853024576691276],[-110.60230864764158,46.85300743147824],[-110.60236930759505,46.852582411020215],[-110.60250161025108,46.85165540444057],[-110.60274902331251,46.84992793435548],[-110.60289398887903,46.84891572744463],[-110.60454628154872,46.84915318972533],[-110.60477442960384,46.84918597534171],[-110.60524030800227,46.84925292332454],[-110.60758665660636,46.84959007276803],[-110.60661630320944,46.85166312449885],[-110.60639261961985,46.85214040195142],[-110.60575417720446,46.853502603966604],[-110.6053757251718,46.85344817797601],[-110.60500586641496,46.85339498631764],[-110.60478441678946,46.85528595657256],[-110.60478463225608,46.85539847601349],[-110.604691613626,46.85624103702703],[-110.6045532099118,46.85749468996197]],[[-110.75847544585667,46.95239859409023],[-110.7611430285729,46.951133109239066],[-110.76172473248704,46.95170813348239],[-110.75964401507015,46.95269508228678],[-110.75963919068217,46.95287660582808],[-110.75962417753267,46.95344638578503],[-110.75883171673229,46.95372287241494],[-110.75710900914723,46.954323944151234],[-110.75552175029331,46.954877711245494],[-110.75430062255431,46.9553037075237],[-110.75430248183623,46.955228289420724],[-110.7522677921854,46.956426928639424],[-110.75312976436506,46.952876610600725],[-110.75325153183279,46.952375024507404],[-110.75242915908649,46.95287662195243],[-110.7510757242594,46.95370212159688],[-110.75050142972451,46.953413598436796],[-110.74943259284301,46.952876607463686],[-110.74930359157236,46.95281180258382],[-110.75295041026486,46.95103425212036],[-110.75433935621197,46.951732751960286],[-110.75544909440417,46.95107859327325],[-110.75559644634978,46.95047344956558],[-110.7579134209622,46.950056101006034],[-110.7572192432921,46.95285130832331],[-110.75847544585667,46.95239859409023]],[[-110.7133779500703,46.93549975228779],[-110.71201892194992,46.93840529535812],[-110.71154663531962,46.93941499372137],[-110.70926008517392,46.9389131656325],[-110.70938782773024,46.93864010719948],[-110.7078949653094,46.93840530457393],[-110.70761666182479,46.9383615247636],[-110.70722325685985,46.93829963718101],[-110.70905068181709,46.93439321132683],[-110.7112151427009,46.934733670882515],[-110.71292296243294,46.93108255222291],[-110.71520923563165,46.93158437314748],[-110.7133779500703,46.93549975228779]],[[-111.03412905475274,46.94851543907956],[-111.03087086959752,46.95011495912057],[-111.03024674605913,46.95042134500605],[-111.02929299955342,46.950889549972985],[-111.02556919490307,46.95271775646294],[-111.02441327870781,46.95328513793203],[-111.02282618665934,46.95402503465314],[-111.02031393557829,46.95519641252986],[-111.01944811116878,46.95560011418636],[-111.01813354764461,46.95434467957237],[-111.0188047830273,46.9540152074203],[-111.02031428844401,46.953274034543206],[-111.02301382184716,46.951948537437865],[-111.0255687698185,46.950694100341714],[-111.02613891959534,46.950414244453846],[-111.02789362571744,46.94955292125761],[-111.0308687775755,46.948092412929704],[-111.03272779996142,46.94717982161178],[-111.03273078535618,46.947178303400264],[-111.03412905475274,46.94851543907956]],[[-110.44266533117433,46.97537348552143],[-110.44189035974064,46.9755259323394],[-110.44033686819925,46.975948720517074],[-110.4363078124068,46.977045263855885],[-110.43530732165706,46.97554960311971],[-110.43504428366636,46.975156507035535],[-110.43498547195422,46.97506857221591],[-110.43470778740722,46.97465338520555],[-110.43467864005912,46.97460980760944],[-110.43430689091352,46.974054022348426],[-110.4350402455897,46.97385441389656],[-110.43634139756917,46.97350030559531],[-110.43988944593214,46.97253460552105],[-110.44007989236135,46.97281941175651],[-110.44032739845176,46.973189541276746],[-110.4408898757076,46.97403031803683],[-110.4438216486253,46.97345360940366],[-110.4456151190981,46.97310077270335],[-110.44666378199622,46.972894521631304],[-110.44746759637137,46.97409616314024],[-110.44766427732279,46.97439017680519],[-110.44638834024788,46.97464116300996],[-110.4460464119694,46.974708379620175],[-110.44562114612829,46.97479197772899],[-110.44266533117433,46.97537348552143]],[[-110.69996915197206,46.965514258955956],[-110.69801038331799,46.96394418554496],[-110.69983702327427,46.96287610731556],[-110.7037375011535,46.96600246661143],[-110.70434954957354,46.966493020689605],[-110.70541597636416,46.96734774062895],[-110.70763822111765,46.96912881961639],[-110.7058114725382,46.970196916530526],[-110.70435742654331,46.96903151245065],[-110.70435256149078,46.96902761279724],[-110.70434753926199,46.969023623880496],[-110.7038697105836,46.9686405884601],[-110.70204293451354,46.96970865647466],[-110.69909735714117,46.96734772673691],[-110.69814245893507,46.966582337582814],[-110.69996915197206,46.965514258955956]],[[-110.68118998018694,46.98075581272921],[-110.68101611038793,46.980770287880986],[-110.67880464836085,46.98095435852674],[-110.67849231413074,46.9791966233478],[-110.67610706393927,46.9793951676536],[-110.67569423811835,46.97707159537546],[-110.67496915927661,46.972990286924016],[-110.67735421972677,46.97279177779452],[-110.6777439959309,46.972759335549945],[-110.67973925115501,46.972593240668424],[-110.68046460005408,46.97667453716092],[-110.68118998018694,46.98075581272921]],[[-110.62006476813143,47.071104107175366],[-110.62268276413273,47.069257236850035],[-110.6242351748784,47.070513928953694],[-110.62006874865347,47.07345326234],[-110.62004888100957,47.07346722864134],[-110.61849635439324,47.072210572735926],[-110.62006476813143,47.071104107175366]],[[-110.52779795897523,47.11762722517008],[-110.52803733862531,47.11758566430518],[-110.53334481888567,47.11666505240583],[-110.53445902319889,47.116471843553526],[-110.53501042663828,47.11637622212464],[-110.53866456072228,47.11683953306533],[-110.53514524952436,47.1189539481307],[-110.53440595649177,47.119398054576514],[-110.53338757582736,47.120009790870995],[-110.53205415733738,47.12081092798041],[-110.53271751218332,47.12180618267915],[-110.53321721846658,47.122555878139906],[-110.53329960727204,47.12267943029925],[-110.53340898506984,47.122843449991855],[-110.53367409726614,47.12324125838001],[-110.5334133361641,47.12341651928091],[-110.53245078671763,47.124062930638395],[-110.53162153175602,47.124619808424015],[-110.53157387393591,47.12457762608386],[-110.53142240525074,47.12444356099327],[-110.53082194231526,47.12391207739016],[-110.52929213313361,47.1225579354889],[-110.52857380044824,47.121922194313534],[-110.52816426213923,47.12155973187812],[-110.52813411423851,47.12155353284946],[-110.52808919350949,47.1215442914517],[-110.52701540829234,47.12132424440826],[-110.5260224068869,47.12112073835791],[-110.52714096275123,47.12040125737513],[-110.52716262852489,47.12027783159892],[-110.52739460459448,47.11895627217878],[-110.52762243275932,47.117657699348605],[-110.52779795897523,47.11762722517008]],[[-110.34708234137271,46.638882265113324],[-110.35031166293005,46.63538512376599],[-110.35236582182327,46.63316234028023],[-110.35254587618208,46.632967480466114],[-110.35765517461328,46.632963628554556],[-110.36149848873156,46.632960292392326],[-110.3576560033777,46.63543124987333],[-110.35391017331351,46.638235296198744],[-110.35236935744601,46.638671308939024],[-110.35113499902216,46.63902062945171],[-110.34708588183628,46.64016642426309],[-110.34547570604391,46.64062207134426],[-110.3469720363143,46.63900173872812],[-110.34708234137271,46.638882265113324]],[[-110.54188546098406,46.932886297913164],[-110.54177035763918,46.93282047438366],[-110.54166606871328,46.932760836181444],[-110.54603365431305,46.931727380091885],[-110.54733827291446,46.93141865808349],[-110.54940086857458,46.9325972201405],[-110.54639821757432,46.93330733552891],[-110.5460280571351,46.93339486975798],[-110.54372765935928,46.93393887691668],[-110.5425503097065,46.93468098830496],[-110.54072651860352,46.9358307097214],[-110.5393736063511,46.93668343586728],[-110.53931006481493,46.93672348507419],[-110.53679625615129,46.9383058096089],[-110.53543010995038,46.939169818109036],[-110.53527843715938,46.939265771109206],[-110.53486959206805,46.93952441789657],[-110.53481587335915,46.939493828131646],[-110.53303023605295,46.93847698303212],[-110.53014065639266,46.940297670610164],[-110.52907011332783,46.94097215718716],[-110.52783813819362,46.94026802686733],[-110.52722437180724,46.939917215070416],[-110.52891853373252,46.93888893303073],[-110.5299082225284,46.9382882047269],[-110.53014388302417,46.93814556944731],[-110.53051874155047,46.93791860353623],[-110.53177735520597,46.937156524875604],[-110.5354378063804,46.93485677655828],[-110.53572473449127,46.93467567967384],[-110.53602815769557,46.93448407454604],[-110.53616901088913,46.93439512885853],[-110.53666080492167,46.93467637922006],[-110.5379152247035,46.93539385124393],[-110.53904822549516,46.93467829670703],[-110.54073111662856,46.93361539797295],[-110.54188546098406,46.932886297913164]],[[-110.65631858479095,47.05188279435415],[-110.65584094352178,47.05238605376966],[-110.65575769625607,47.05247375003948],[-110.6542943544802,47.05401549714794],[-110.65291818278898,47.05544965957251],[-110.65246742454342,47.05509902422444],[-110.65240689508775,47.05498719137338],[-110.65187144618238,47.05538692017058],[-110.65125548070549,47.05524554428323],[-110.65072273618186,47.05512326425617],[-110.65111184893499,47.054739174746004],[-110.65048583928382,47.054542512973185],[-110.64520765691233,47.0528845567866],[-110.64520331390915,47.05288298711816],[-110.64520331621004,47.052775054508395],[-110.64520319455924,47.052692539795125],[-110.64520321499566,47.052650340518156],[-110.64520309847866,47.05255329101526],[-110.64520764538014,47.05254727847523],[-110.64774964779582,47.04912428462153],[-110.64777494039654,47.04912871746835],[-110.64778269487158,47.04913007643673],[-110.65001859901784,47.04953059745854],[-110.65039868687413,47.04983767949548],[-110.65047788362236,47.04973606732887],[-110.65121707862275,47.04878780219452],[-110.65568593192464,47.05104465851152],[-110.6557544592678,47.05098879609765],[-110.65581054241493,47.05094301755104],[-110.65631858479095,47.05188279435415]],[[-110.95733602308036,46.76051606699194],[-110.95453033835011,46.759825766832954],[-110.95191036564385,46.75918126419914],[-110.95193308953998,46.75912891879192],[-110.95258488706541,46.75762825811362],[-110.95198103926882,46.75747961220362],[-110.95197943351687,46.75573183479385],[-110.9545271689312,46.75635927354686],[-110.95761038977383,46.757118663120835],[-110.95761044966036,46.75719251064186],[-110.95982585237991,46.75761051326082],[-110.96336766260265,46.758278688993215],[-110.96511963837912,46.75860916950145],[-110.96763277131967,46.75908308371033],[-110.96913881773848,46.75936706259181],[-110.9691405681826,46.76107299355809],[-110.9651155149309,46.76031449124347],[-110.96392986133299,46.76009103763809],[-110.96325548258199,46.76164389818878],[-110.96051346129013,46.76112727381543],[-110.9605135005883,46.76180697103344],[-110.9598272384693,46.76188878285738],[-110.95461646936695,46.762509680949904],[-110.95461643413965,46.76084005270256],[-110.95733602308036,46.76051606699194]],[[-110.62057856702837,46.840929643233],[-110.62261034266302,46.84171317479879],[-110.62173990091036,46.84242513400628],[-110.62128307016846,46.8427987777166],[-110.62322219618657,46.843765404825646],[-110.62413185215524,46.84421892742049],[-110.6245699631698,46.84443734812351],[-110.62472091852901,46.84451257568049],[-110.62516139382475,46.84473208797648],[-110.62131028187551,46.84788179281463],[-110.62160688436629,46.84802962151928],[-110.62165194392344,46.848052079258494],[-110.62245116017665,46.848450472985235],[-110.6210849133211,46.849801824167],[-110.62077171293271,46.84964564225181],[-110.62057684442881,46.84954846483267],[-110.61757188972946,46.84805068585622],[-110.61623724542036,46.84738537322292],[-110.61560520542336,46.84801072446423],[-110.61558043017371,46.848035237996555],[-110.61556551634916,46.84804996567258],[-110.61531134690883,46.84830143666181],[-110.61216506002935,46.85141296856407],[-110.61121096641936,46.85104508833852],[-110.61007540746714,46.850607219289785],[-110.61266286781337,46.848047955956694],[-110.61349123389545,46.84722864524894],[-110.61530804042565,46.845430277448855],[-110.61631785799169,46.844432107628194],[-110.61657505713596,46.8441779110903],[-110.61683374382322,46.84392224380289],[-110.6205210380204,46.84090743265236],[-110.62057856702837,46.840929643233]],[[-110.8593952967493,46.72290655768182],[-110.85948431798785,46.72658494244583],[-110.85957412186151,46.73029508857666],[-110.85431254214915,46.73032310600657],[-110.84905519958569,46.73035085626032],[-110.84894954079918,46.72668709439408],[-110.85421592598779,46.72663615175327],[-110.85411962080167,46.722960466249425],[-110.8593952967493,46.72290655768182]],[[-110.47886251376578,47.014917927260754],[-110.47839031183081,47.01552358137658],[-110.47773110392569,47.01636906506885],[-110.47758540186564,47.016323747884435],[-110.47742097726326,47.01627260804753],[-110.4753713121667,47.01563479236441],[-110.47226649855297,47.014668533091154],[-110.47212443976852,47.014614742071174],[-110.47065774227858,47.01405947247181],[-110.46927164236853,47.01353464751135],[-110.46837777301774,47.013030147745],[-110.46681481885065,47.012147975484176],[-110.46645743315692,47.01194621283859],[-110.46651055518257,47.01187807471158],[-110.46591749786428,47.01115524379933],[-110.46532202115392,47.01042944182424],[-110.46448285621632,47.00940784478132],[-110.46385119606569,47.00850385956733],[-110.46294725514959,47.00721013918676],[-110.46268428705018,47.00683375666855],[-110.46217217031736,47.0070623737314],[-110.46151715282225,47.00688821027563],[-110.45973841927284,47.006415265165735],[-110.4573305880386,47.00577203186727],[-110.4570902541612,47.00587935716016],[-110.45705548828766,47.00586494865432],[-110.45701787351017,47.00584935687716],[-110.45660011059671,47.005678567643585],[-110.45623766578596,47.00553038882925],[-110.45470524327399,47.00490363699112],[-110.45624200445529,47.004217783763124],[-110.45688492048397,47.003930759929474],[-110.4591739824829,47.00489778641928],[-110.45920967741691,47.00491264286616],[-110.45923164985916,47.004921787729195],[-110.45925318882654,47.00491215950983],[-110.45939952444388,47.0048467496214],[-110.4615233287562,47.00546514373911],[-110.46162756155155,47.00549550196669],[-110.46256220546877,47.00576858697313],[-110.46407753276843,47.00621138193554],[-110.46499224305076,47.00720768088987],[-110.46450836381707,47.006446017993596],[-110.46474628388123,47.006373533325416],[-110.46245380508395,47.00509367052284],[-110.46207517084221,47.00488196283969],[-110.46152710081454,47.004575512468506],[-110.46108574761016,47.00432883702628],[-110.46081135447248,47.0041754724139],[-110.46040094935451,47.00361021348834],[-110.46025181249794,47.003404827810385],[-110.45813741510813,47.00049276495211],[-110.45898671920105,46.99999301236657],[-110.45995995820923,46.99942029279337],[-110.46037249620615,46.99998922424317],[-110.46098510859196,47.00083403030652],[-110.4615397391394,47.00159885112934],[-110.46263122753366,47.00310414889125],[-110.4631044831881,47.00343411367427],[-110.46334571235968,47.00360230159838],[-110.4664008880509,47.00573281510977],[-110.46592056108976,47.006015369645716],[-110.46651548319794,47.00583410267036],[-110.46681559249693,47.00648821431528],[-110.4671444746785,47.007205092174075],[-110.46802979799749,47.009134511751185],[-110.47048436279646,47.01045321682119],[-110.47081499284309,47.01063062027401],[-110.47010230597598,47.011258381454766],[-110.46925251375205,47.01151716592704],[-110.47032887443214,47.012178556248344],[-110.47211502239723,47.01278314495503],[-110.47317219668643,47.0131410469521],[-110.47339762279525,47.013217362205864],[-110.47336411076306,47.01326044467727],[-110.4733492702141,47.01327952217252],[-110.47592264765149,47.01404424125911],[-110.47600362805692,47.014068304686006],[-110.4774101004384,47.01448630030339],[-110.47886251376578,47.014917927260754]],[[-110.51393386959808,47.050270503706344],[-110.51022355687134,47.05026929537855],[-110.50945115866253,47.05026902893311],[-110.5041578531002,47.05026710202228],[-110.50412701591884,47.04664992798315],[-110.50410671154842,47.04425728988241],[-110.50409632882345,47.04303365125668],[-110.50938944729828,47.043028736281094],[-110.51394478728648,47.043024344640976],[-110.5139409434992,47.0455446126886],[-110.51393926166219,47.046647425987274],[-110.51393524014141,47.04935003247365],[-110.51393386959808,47.050270503706344]],[[-110.5140326578717,46.985692207709185],[-110.51403495803477,46.98544029642723],[-110.51403534819738,46.985398346407756],[-110.51403680731951,46.98524283954996],[-110.51403752790831,46.98516600254241],[-110.51404023319776,46.98489170654479],[-110.51404280431605,46.98461741172305],[-110.51406927753992,46.98174789527019],[-110.51407068146278,46.98159963134253],[-110.51672245224077,46.981608600386515],[-110.5167174293393,46.9797905455292],[-110.51937111311109,46.97980105747558],[-110.52083471261683,46.97980692842982],[-110.5220248013526,46.97981168788794],[-110.5220255087998,46.980885650024746],[-110.5220259977496,46.98162662958291],[-110.51937422303597,46.98161760071167],[-110.51934748946455,46.98525386129923],[-110.51932074920455,46.98889002788327],[-110.51930518329561,46.99247748780997],[-110.51930218088796,46.99316317676367],[-110.51929733055728,46.99427108209948],[-110.5166414184018,46.99426409063234],[-110.51664820698161,46.99247212791724],[-110.51399123121901,46.992466707254536],[-110.51399603244639,46.990968295496224],[-110.51399877270534,46.990153648079776],[-110.513999327368,46.989988287425945],[-110.51400085516205,46.98948500822178],[-110.51400246777513,46.98904878777412],[-110.51400264672647,46.98900026052642],[-110.51400307179574,46.98888603705883],[-110.51400472670089,46.98872327792929],[-110.51402493991387,46.98653774316479],[-110.5140326578717,46.985692207709185]],[[-110.75778716445025,46.862928925721334],[-110.76177209381451,46.862929759954866],[-110.76178678306337,46.86379987357061],[-110.76303688126077,46.86380408923792],[-110.76309752121557,46.8638042817632],[-110.76311038989067,46.8665048728569],[-110.76303649954174,46.86650517974083],[-110.75917512703545,46.86652142257268],[-110.75918792735392,46.86980021027423],[-110.75918910034353,46.870103323470495],[-110.75778852714426,46.87010586071426],[-110.75655131997482,46.87010811550544],[-110.75429186294805,46.87165507345648],[-110.75411057825087,46.8717792317724],[-110.75410423281095,46.87178349996844],[-110.75390580892534,46.87192411720031],[-110.75251832383988,46.87192248652731],[-110.75204842652882,46.871921871545204],[-110.74994638509108,46.87191944259037],[-110.74724090582622,46.87006599648767],[-110.74684819664661,46.8697969945958],[-110.74560742830145,46.86894693551946],[-110.74560552581912,46.866683485170434],[-110.74560513967518,46.86617910011057],[-110.74560324431603,46.86471034770673],[-110.74723699764887,46.864713186657866],[-110.7476364229918,46.8647138813972],[-110.74858909126955,46.86617952593271],[-110.74998814238643,46.86833242099269],[-110.75251634697595,46.86833204034721],[-110.7541110570041,46.86833061848903],[-110.75411731280033,46.8683306236034],[-110.75415604385697,46.86833067715248],[-110.75517520938743,46.86833053767947],[-110.75621421750854,46.86618083605678],[-110.75778094078676,46.8629417572822],[-110.75778716445025,46.862928925721334]],[[-111.0115788093448,47.113254989820746],[-111.01680478625903,47.113244918982204],[-111.01682911553054,47.11402201194457],[-111.01684785466544,47.11462040820781],[-111.01691002457903,47.114650074583984],[-111.02226699675103,47.11720569798032],[-111.02312471699375,47.117614901005865],[-111.0245850084646,47.11831153856399],[-111.025150893773,47.118581463284265],[-111.02729237334927,47.119591552859774],[-111.0273047927614,47.12057500883181],[-111.0273071599962,47.1207618175695],[-111.02686934759626,47.120695084772436],[-111.02607866299262,47.120574544894225],[-111.02515269707715,47.120433375451455],[-111.02435545918802,47.12031232036774],[-111.0228641760842,47.12008587772247],[-111.02260712213565,47.12004691448875],[-111.02231152675004,47.12000209576045],[-111.01692191455231,47.119183882221975],[-111.01512640056363,47.11862061737791],[-111.01267559353508,47.11785162363017],[-111.01196709037664,47.11762928549017],[-111.0118482920867,47.11759201052589],[-111.0116426653429,47.11752748865765],[-111.00630402368016,47.115852401872246],[-111.0062811065416,47.11404010098743],[-111.00628060561652,47.11400121218074],[-111.00627130322779,47.11326523055003],[-111.0115788093448,47.113254989820746]],[[-110.68619480038157,47.05060190837504],[-110.68747678584847,47.05060349030173],[-110.69805493052515,47.05061026765014],[-110.70070378001903,47.05061207433318],[-110.7007077532202,47.05242080374153],[-110.70131210083088,47.052421219196255],[-110.70335479996942,47.05242261668596],[-110.70335150244452,47.05513994841664],[-110.6980528534034,47.055136155721144],[-110.69540340414692,47.05513431958991],[-110.69540632988803,47.05422816906723],[-110.68934560357923,47.054224099352375],[-110.68747294989556,47.05422277700858],[-110.68218718244843,47.05421695976592],[-110.68218789111539,47.05240595073871],[-110.68218732062344,47.05195396335621],[-110.68350900312319,47.05195543790792],[-110.68350911967934,47.0524077748474],[-110.68483074001759,47.05240930962677],[-110.68483155956632,47.05060021073474],[-110.68619480038157,47.05060190837504]],[[-111.03206549053918,46.93594921108403],[-111.03184333968429,46.938760534443745],[-111.03177910120996,46.93956702446889],[-111.03172880361687,46.940202318129295],[-111.03086136077896,46.940311735446095],[-111.02615316747828,46.94090571856698],[-111.02594497885335,46.943178166786915],[-111.02592317487168,46.94341636658185],[-111.02556507952659,46.94338737726255],[-111.02294501873088,46.94317319888689],[-111.02028976425994,46.94295613197596],[-111.01500880634403,46.942524442840856],[-111.0149007203187,46.94251561386057],[-111.01500838782052,46.942400497040474],[-111.01767756088076,46.93954688251093],[-111.01995283544693,46.93711425933923],[-111.02027954295677,46.9370550532885],[-111.02281997758195,46.93659460750126],[-111.02277997516354,46.93955553679591],[-111.02277733852603,46.939751707660655],[-111.02309426296738,46.93955608251477],[-111.02556478758105,46.93803108802299],[-111.02891788715557,46.93594591539611],[-111.03085345647946,46.934742220195474],[-111.03222870691077,46.933886963834],[-111.03206549053918,46.93594921108403]],[[-110.7183757222007,46.87304238730895],[-110.7165914133079,46.87325955015416],[-110.71559248333067,46.87142640248644],[-110.71489040626135,46.870137950212936],[-110.71504184507461,46.86978750403534],[-110.7155919360314,46.868514585596245],[-110.71660489539568,46.86617041277352],[-110.71739286187311,46.86434679944352],[-110.71558835771584,46.86351026229266],[-110.71409258499033,46.86281686590633],[-110.71424458109078,46.862550169837824],[-110.71528997298128,46.86071583349438],[-110.71558497805306,46.86064852762935],[-110.7205534144459,46.85951496009393],[-110.7207805616806,46.859612144174214],[-110.72085770314013,46.85964532319453],[-110.72153302889502,46.8599346962711],[-110.72613526414824,46.861906556957855],[-110.72647246437565,46.86205102791891],[-110.7266384455963,46.86212214162077],[-110.72652139956234,46.86255725469209],[-110.7261373994755,46.863985007320906],[-110.72591538747966,46.86481042477712],[-110.7208652822257,46.865962870046346],[-110.7199445765722,46.86617300863775],[-110.71889833746418,46.866411448546],[-110.71820555332876,46.86884553862403],[-110.71824385626616,46.86979040414317],[-110.7183757222007,46.87304238730895]],[[-110.76098697174882,46.760842903610964],[-110.76098703702456,46.76091982844628],[-110.76098696044522,46.7609333333284],[-110.7609877132267,46.76101578414066],[-110.76098889873639,46.7611558426372],[-110.76099242152536,46.761584752315656],[-110.76099206978249,46.76158791053951],[-110.7609943240469,46.76184084519919],[-110.76099492904996,46.761933649141255],[-110.76099574550518,46.76204112504777],[-110.76099607089533,46.76208855975441],[-110.76099920705498,46.76233680805932],[-110.76100006972763,46.76243848430495],[-110.76100151552001,46.76260832331135],[-110.76100476813124,46.76299639614673],[-110.76100975316342,46.76357883727559],[-110.76101319674612,46.76398500755767],[-110.76101724812895,46.764461843780396],[-110.76034665250246,46.76446567396769],[-110.76022923964328,46.7644663484314],[-110.75998850508994,46.76446772811023],[-110.75880039656933,46.76447456040276],[-110.75879967561147,46.76439232083847],[-110.75879843396677,46.76425527874427],[-110.75879718079395,46.7641182475781],[-110.75879592629663,46.76398121552451],[-110.75879467313656,46.763844184354504],[-110.75879341994069,46.763707151382675],[-110.75879216417398,46.76357012023784],[-110.75879090970233,46.76343308817665],[-110.75878965789843,46.763296057884624],[-110.75878840479135,46.76315902760513],[-110.75878714771946,46.76302199556721],[-110.7587840234021,46.7626804514015],[-110.75878376846123,46.762653028467916],[-110.75826775327037,46.762655241880644],[-110.7578338845576,46.76265699738362],[-110.75782897022665,46.762657029115196],[-110.75734680306016,46.76265892960649],[-110.7573418931833,46.7626589837731],[-110.75688420240245,46.762660852632855],[-110.75615900254398,46.76266382026499],[-110.75449446628765,46.76267061447854],[-110.7539644343724,46.762672772745006],[-110.7529983781196,46.762676594824775],[-110.75216974309045,46.762680064752566],[-110.75097328285314,46.76268491098214],[-110.74773057082254,46.762697818382705],[-110.74758331050795,46.76269857076659],[-110.74246345991358,46.76271889796707],[-110.74199982281868,46.76272085198939],[-110.74000574471833,46.76272874866164],[-110.73998704435141,46.76056777493591],[-110.73998323147616,46.76012662406719],[-110.73997723047196,46.75943157069465],[-110.73997685203813,46.759387510665306],[-110.73997621546715,46.75931865639041],[-110.73997449024948,46.75911765662454],[-110.74245962291785,46.759106835241994],[-110.7475492213575,46.75908488217759],[-110.74772629074018,46.7590838663831],[-110.75081829799197,46.759070589928385],[-110.75299426824796,46.75906078283585],[-110.75697932332066,46.7590434024348],[-110.75826202770281,46.75903756797828],[-110.75870426612252,46.75903569107453],[-110.75870721759087,46.75937480400307],[-110.75871357723865,46.76010711381831],[-110.75871846008009,46.76065556239036],[-110.75871985082534,46.760827166392474],[-110.75872008771246,46.76085225078829],[-110.75890035269984,46.76085151007733],[-110.75891922192679,46.760851432172736],[-110.75974089514521,46.760848038424285],[-110.76091076635457,46.76084298518437],[-110.76091567735074,46.76084292994958],[-110.76098326772782,46.76084281316354],[-110.76098697174882,46.760842903610964]],[[-110.34003819655103,46.879075801952176],[-110.34144395557493,46.879897336049275],[-110.34297029546738,46.88078929062788],[-110.34533071379222,46.8821686673987],[-110.34915705217182,46.884404019546984],[-110.34949654507507,46.884602314051435],[-110.34533813909918,46.88804510682255],[-110.34326192838517,46.888031995755135],[-110.34005141255392,46.88801164624246],[-110.33874342144237,46.888003411508514],[-110.3360471809975,46.88798638543125],[-110.33705988348444,46.88441671019134],[-110.33808763522391,46.8807936268673],[-110.33878359108024,46.87834268779006],[-110.339415228367,46.878711784142915],[-110.34003819655103,46.879075801952176]],[[-110.51577286683633,46.975787462226755],[-110.51782847092547,46.97434256548496],[-110.51901987953472,46.97350524312756],[-110.51936605376358,46.97326194386504],[-110.52293243816905,46.970755092113436],[-110.52468287588243,46.96952460049602],[-110.52667625594172,46.968123472508466],[-110.5280400165809,46.967164831822735],[-110.53002763903909,46.966896807923526],[-110.53462972036893,46.966276228048045],[-110.5348628398668,46.967208918436235],[-110.53507257646292,46.96804703619159],[-110.53370818786144,46.96879466847069],[-110.53001448144427,46.97081848934805],[-110.52468113679788,46.973740791052954],[-110.5235233482678,46.974375129338874],[-110.52334905554852,46.974470642526285],[-110.52322361381322,46.97453938491389],[-110.52325346613372,46.97575872001803],[-110.5234092507464,46.975741844390335],[-110.52326309049771,46.976152895060515],[-110.52045412063208,46.97722922718238],[-110.51936760561563,46.977645523472766],[-110.51849319558869,46.977980598429234],[-110.51735593673162,46.97841638832723],[-110.51671264547237,46.978012811680294],[-110.51664782470645,46.97797216105077],[-110.51642128497107,46.97783006153431],[-110.5161490135792,46.977659307477126],[-110.5148382073255,46.97683721351668],[-110.51465364198157,46.97672134380773],[-110.51454299818924,46.97665188148549],[-110.51538168969527,46.97606232509548],[-110.51577286683633,46.975787462226755]],[[-110.0312105480633,46.688033166108966],[-110.02989584868888,46.6880335740899],[-110.0295365313755,46.68803369543626],[-110.02726650527488,46.68803439104499],[-110.02725693652258,46.68622411781155],[-110.0272505567201,46.68501698921667],[-110.02724736678421,46.684413677811335],[-110.02724185739599,46.68336850429988],[-110.02723782384554,46.682603237439324],[-110.02722825252106,46.68079277084952],[-110.02722334785243,46.679864580027655],[-110.02721868258381,46.678982246401596],[-110.02929528845196,46.6789812552903],[-110.02984727408706,46.67898098554188],[-110.02984661829043,46.678723453653035],[-110.02984497649236,46.67807645910044],[-110.03115950799037,46.678075827228646],[-110.0311574876348,46.67717127415304],[-110.03247227052599,46.67717064294293],[-110.03447478489038,46.677169645316646],[-110.03510180734618,46.677169325185815],[-110.03510443232365,46.6789784600166],[-110.03573135191745,46.678978171204264],[-110.03773299805997,46.678977225961034],[-110.03774317996461,46.68078799941949],[-110.03775336125433,46.68259877353698],[-110.03775846720066,46.68350416088143],[-110.03644398911403,46.683504735785014],[-110.03562168915741,46.68350508113657],[-110.03512951349938,46.68350528379366],[-110.03512614239978,46.68289760380051],[-110.03512449149795,46.682599951952156],[-110.03249559291923,46.682601076079045],[-110.03250546844255,46.684411683598775],[-110.032515346204,46.686222317864036],[-110.03252028175285,46.687127537255925],[-110.03229191517289,46.687127614450624],[-110.03151820302445,46.68712786917795],[-110.03120563861755,46.68712797370758],[-110.0312105480633,46.688033166108966]],[[-110.39464312637014,46.733096388121844],[-110.39458023751385,46.73311824625951],[-110.39448731903539,46.73315054070842],[-110.39390728774802,46.73335195648868],[-110.39348303855627,46.73315023088385],[-110.39177313750017,46.73233729195976],[-110.39454118177406,46.72952817802839],[-110.39455775292332,46.729511347336036],[-110.39464237079893,46.72942539589138],[-110.39626459057763,46.72777914699799],[-110.39811269615889,46.725903515091076],[-110.40041608679365,46.723565635264066],[-110.40068857157864,46.723289383519656],[-110.40090918693295,46.72339448701853],[-110.40566337585602,46.72566549474214],[-110.40617353734963,46.72590915979275],[-110.41000754638813,46.72774055974324],[-110.40566786491917,46.729256709740135],[-110.40488595307833,46.729529909225654],[-110.40042572713776,46.7310881342994],[-110.39735767653941,46.7321537001095],[-110.39464312637014,46.733096388121844]],[[-110.93738348229009,47.114227290978555],[-110.94002919166881,47.11422239701964],[-110.94002721514093,47.11512993621541],[-110.9409103964976,47.115128359504695],[-110.94267381240007,47.11512520743979],[-110.94267272617671,47.11603299693679],[-110.94267058118233,47.11784857057174],[-110.94266735161652,47.12057190783528],[-110.9373635121655,47.12058574884234],[-110.93736637852457,47.11967601806957],[-110.93402342953848,47.11968339392677],[-110.93206431572592,47.11968763596242],[-110.92679781079289,47.119689143450906],[-110.92548118087802,47.11968949452804],[-110.92548599202875,47.11787352970045],[-110.9268035138603,47.11787170860847],[-110.9294385582578,47.117868009325036],[-110.92944600946586,47.11605490769979],[-110.93098318765483,47.11605240298349],[-110.93208283116566,47.116050596913425],[-110.93209206063939,47.11423694000085],[-110.93738348229009,47.114227290978555]],[[-110.8918258576717,46.74837645965632],[-110.8866215573752,46.74837956014473],[-110.88133510781233,46.74840225268887],[-110.88129066410197,46.74476185992057],[-110.88124684444361,46.741100740404896],[-110.88656653787615,46.741097023384356],[-110.88659537320751,46.74473829919404],[-110.8918274802749,46.74472967595445],[-110.89706834896974,46.74472079502584],[-110.8970413896904,46.748375766385536],[-110.8918258576717,46.74837645965632]],[[-110.5776511795998,47.075627391592214],[-110.5723326089251,47.07563053791452],[-110.56967333896269,47.07563197520298],[-110.56701403587263,47.07563334841841],[-110.56701328707344,47.073719356413946],[-110.56701260987103,47.071993754962556],[-110.56701215558785,47.07093602050502],[-110.56701104791672,47.06835407019773],[-110.57233101766643,47.06835187100769],[-110.5723318790959,47.07199120467623],[-110.57765101919244,47.07198849880905],[-110.57972988196548,47.071990716359245],[-110.58300458662742,47.07199413406763],[-110.58300916675073,47.073467476870356],[-110.58301588421959,47.07563148304202],[-110.5776511795998,47.075627391592214]],[[-110.87773741405857,47.05550261788968],[-110.87843147237207,47.05595333419757],[-110.88148406522778,47.05793567110094],[-110.88278301845584,47.05892593971247],[-110.88361905959526,47.059563296651184],[-110.88549582036543,47.0609939770219],[-110.88806872842109,47.062926573593806],[-110.88823207206484,47.063049264940844],[-110.88888768005863,47.06318153640523],[-110.89286360949635,47.063983740068174],[-110.89283672381653,47.06410151974245],[-110.89315163795223,47.06414946620844],[-110.89336124318957,47.06418137413223],[-110.89845957228256,47.06495761849595],[-110.89842560152015,47.06510650860366],[-110.89955986662265,47.065261799201835],[-110.90364511932336,47.06582002657061],[-110.90416806357972,47.06589146674047],[-110.90484333701988,47.065915124844445],[-110.9101270758357,47.06610008229236],[-110.91016363415903,47.066101388807446],[-110.91015657573588,47.0661323056367],[-110.91541055321781,47.065837397190194],[-110.9157973787872,47.065815692330865],[-110.91616763134832,47.065794914691324],[-110.9179194750711,47.065700407750484],[-110.91948463127365,47.06561595126413],[-110.92069521744756,47.06532387697648],[-110.92201836625362,47.065003715793125],[-110.92226923475228,47.06390539685782],[-110.92598758360833,47.062875615271494],[-110.92679343823664,47.06265243440978],[-110.92784793700844,47.06236039150334],[-110.92778111006061,47.062653477483366],[-110.92747741228382,47.06398510657132],[-110.92598656734964,47.064397521068514],[-110.92190270777212,47.06552722395243],[-110.92174513769409,47.06626759521898],[-110.9216716172774,47.06661307152234],[-110.92068958979493,47.06684955872937],[-110.91914107554962,47.06722339069599],[-110.9176497691343,47.067309756049255],[-110.91580241089257,47.067416713904294],[-110.91567172016589,47.067424105588486],[-110.91540987025343,47.0674389140976],[-110.91260116561837,47.06759789922439],[-110.91012658809865,47.067737906022366],[-110.90978568742716,47.06775718759769],[-110.9097927436448,47.06772627083329],[-110.90484321043003,47.06755289088708],[-110.90443474038904,47.06753858454707],[-110.9037967568621,47.067516236893255],[-110.89955998953027,47.06693634332515],[-110.898382196218,47.06677599768501],[-110.89805507294308,47.06673125154548],[-110.89811684558929,47.066460581600644],[-110.89335727452541,47.065580691797116],[-110.89290766119828,47.06549758556085],[-110.8925338289544,47.065428480341154],[-110.89249277496333,47.06560831500383],[-110.88806379951195,47.06471500571254],[-110.88786140103898,47.064674176252815],[-110.8854334810619,47.06319086068723],[-110.8843737072831,47.06254336974758],[-110.88460186065157,47.06154432882127],[-110.88383598296224,47.06201595426174],[-110.8827767902134,47.0612085450466],[-110.88062668501892,47.05956947697692],[-110.87982428203512,47.058957759641906],[-110.8796960579936,47.05903673349386],[-110.87914303869624,47.058678096840815],[-110.87749078557142,47.05760653012082],[-110.87594843444555,47.056603652969045],[-110.87502016853882,47.05595571389297],[-110.8722200309047,47.054001181865274],[-110.87173950844944,47.053665769181855],[-110.87222215729003,47.0533688989086],[-110.87352821032815,47.052565566647615],[-110.8774966525123,47.05533456365472],[-110.87773741405857,47.05550261788968]],[[-110.37619681227369,47.001955921656446],[-110.37539716563832,47.002298144030476],[-110.37459270931814,47.00251286501851],[-110.37410636950789,47.00264267320559],[-110.37353663342117,47.00126066305167],[-110.37303660920605,47.000047692703966],[-110.3725062257187,46.9987613280253],[-110.37247759884352,46.99869196698262],[-110.37250602517314,46.998684370260996],[-110.37336261716216,46.998455958328854],[-110.37250515474466,46.998283465580464],[-110.37208368562713,46.998198645337816],[-110.37250327778902,46.99748129442638],[-110.37311779488957,46.99643049206243],[-110.37431834640168,46.99437761034636],[-110.37647810365685,46.994811870796255],[-110.37602048209258,46.99559667625928],[-110.37745918007126,46.99556243264724],[-110.3786828599289,46.99553324203382],[-110.37822575471398,46.99518365320771],[-110.37762516676355,46.99472432006712],[-110.3781146202355,46.99280925565999],[-110.37866114791939,46.99067042919251],[-110.37745939508203,46.98975018639819],[-110.3773674778748,46.98967987142864],[-110.37612983214225,46.99074564253626],[-110.37598844230287,46.99067385628502],[-110.37569355299466,46.990524130870114],[-110.37482815663286,46.99008402096872],[-110.37457281251723,46.9899056807537],[-110.3750223325839,46.98951970103881],[-110.37539877647971,46.98919646235764],[-110.37745951664145,46.98742742669773],[-110.37808603717698,46.986889480726305],[-110.37798987094949,46.986840495731904],[-110.37790550894377,46.98679752384226],[-110.37769904034093,46.98675172491704],[-110.3774595546146,46.986698600623725],[-110.37240989201922,46.98557875494263],[-110.37219009500146,46.98553002422945],[-110.37217092556219,46.98553215147527],[-110.37175104297296,46.985579275360664],[-110.36688218558805,46.986125730673514],[-110.3667064460507,46.98614544205446],[-110.36624617954348,46.98619706583087],[-110.36625078028241,46.98611809765808],[-110.36625441739959,46.98605568458969],[-110.36159685401964,46.98702003709999],[-110.36050215076166,46.98724673328266],[-110.36059829934291,46.98559132506772],[-110.36060076948066,46.985548639920104],[-110.36159719667948,46.98539667398002],[-110.36354514620864,46.98509952211732],[-110.36633337024217,46.984674125790846],[-110.3663361016421,46.98462738255719],[-110.3663404795415,46.984552465687365],[-110.36653377188603,46.98453070107238],[-110.36688298096614,46.98449137938476],[-110.37217138437506,46.983895190975204],[-110.37225685373606,46.98388553930363],[-110.37319129250322,46.98409307931811],[-110.37745951567149,46.985040940198864],[-110.37793576729153,46.98514663568917],[-110.37796446572995,46.98515300353949],[-110.37818138181692,46.98526337215307],[-110.37879107631422,46.985573586606726],[-110.38234807195371,46.98738287294419],[-110.38260650016701,46.98751431455175],[-110.3825487324685,46.989158648476725],[-110.38105205529794,46.988399167742116],[-110.37967464037563,46.98770017094059],[-110.37889026556769,46.988373815972075],[-110.37996145133026,46.9891936931703],[-110.38223595277124,46.99093456430336],[-110.38223606030668,46.990309882610376],[-110.38273829440541,46.99030915822078],[-110.38743241747154,46.990302560521464],[-110.38745388631065,46.992798695887764],[-110.3874563611581,46.99308398748092],[-110.38746387582871,46.99395014087171],[-110.38274335653739,46.99395523431407],[-110.38223332690737,46.99395574400576],[-110.38223381538174,46.993238409310834],[-110.38223411161862,46.99280466825731],[-110.38223437938935,46.992500811313164],[-110.38223481755347,46.99200049612592],[-110.381374183756,46.99274261431772],[-110.38070208084416,46.99223022033463],[-110.38055421902857,46.992806622633246],[-110.37986209774152,46.995505640993414],[-110.38030765037034,46.995495284637116],[-110.38035204793051,46.99642008271413],[-110.38038649806643,46.99713955325248],[-110.3777884696,46.99720073284775],[-110.37504366969108,46.99726540573941],[-110.37477110747885,46.997730372663206],[-110.37452795806264,46.99814516114626],[-110.37471855561996,46.9980942884255],[-110.37546548743505,47.00004534331183],[-110.37619681227369,47.001955921656446]],[[-110.51928966433694,46.99613917966355],[-110.5192896118618,46.996064764657724],[-110.51953025377591,46.996065413037115],[-110.52164936000868,46.996072515362805],[-110.52194459556502,46.99607350225107],[-110.52194596461236,46.99969015939143],[-110.52194597082912,46.99970545541214],[-110.51999875131828,46.99967849642911],[-110.51929237952315,46.99966870861791],[-110.51929395022736,47.00186782488672],[-110.51929394064486,47.00197107002585],[-110.51929470972377,47.00329805166678],[-110.51929334089704,47.00690600208274],[-110.51929198331138,47.01048667686187],[-110.51667682068825,47.01048015796971],[-110.51398514486786,47.01047338650451],[-110.51398387658968,47.01409150072062],[-110.5112177675288,47.01409147320162],[-110.50913308712731,47.014091406796],[-110.50910770088349,47.01047298944868],[-110.50911870475026,47.00686523168961],[-110.51398835971511,47.006867673757704],[-110.51399170572287,47.0032619593872],[-110.51398915029215,47.00088111447382],[-110.5139883733791,47.00012392393097],[-110.513988257069,46.999735096586676],[-110.51398823320234,46.999657563355825],[-110.51398818251997,46.99964793232115],[-110.5139838492311,46.997847607606346],[-110.5190189422031,46.997868258766964],[-110.51929157621448,46.99786952217926],[-110.519291397686,46.99770804050146],[-110.51928971690639,46.9962155362695],[-110.51928966433694,46.99613917966355]],[[-110.91465717237074,47.10341037970517],[-110.91621268837969,47.10340516234188],[-110.92039780507078,47.10339099769672],[-110.92150935526519,47.10338723477621],[-110.92152558879187,47.1070100781124],[-110.92153371850706,47.10882148377252],[-110.92424543722227,47.108815775969035],[-110.9268201096715,47.108810281962114],[-110.92682618615818,47.110621271452395],[-110.9273355595798,47.11062015048143],[-110.92946833979015,47.11061543246524],[-110.92946091471944,47.11242861863751],[-110.92781370115073,47.112431929209194],[-110.92682050930217,47.112433901678244],[-110.92681483414802,47.11424656000808],[-110.92681199727527,47.11515284659919],[-110.92153657661913,47.11516166282678],[-110.92153760885098,47.11425590394654],[-110.92153972931453,47.112444412889296],[-110.9172178556627,47.112460041593565],[-110.9162462818482,47.112463532347334],[-110.91625006990846,47.110651932329176],[-110.91095831914694,47.11067093936919],[-110.91093716938579,47.10704690447239],[-110.91091599405424,47.10342283843472],[-110.91465717237074,47.10341037970517]],[[-110.76584916615869,46.98181894543787],[-110.7645492412293,46.98042666065177],[-110.76647130133627,46.979435156569984],[-110.76747354750309,46.98051019611517],[-110.76869177588856,46.981818953901744],[-110.76887279841789,46.98201339408603],[-110.76877421529906,46.982064229466],[-110.77032536942332,46.983476835497285],[-110.77168472731677,46.982776285898304],[-110.77530359601732,46.98606626206732],[-110.77394427069981,46.98676775278109],[-110.77508995459955,46.98780744144615],[-110.77601492492545,46.988647032046664],[-110.77628117914084,46.988509722532726],[-110.7804054742723,46.991398718397946],[-110.77847217604436,46.99239563894126],[-110.7743620375697,46.98950083275117],[-110.77408064235415,46.989646002784454],[-110.77517905726233,46.99065393633229],[-110.77490970628321,46.99313368325471],[-110.77490931151904,46.9931373297939],[-110.7713100961139,46.98980607607316],[-110.76876333903748,46.9911178681152],[-110.7690520859763,46.98838222579794],[-110.7691964163549,46.987009107120535],[-110.76855084826546,46.987341867743545],[-110.76770997278163,46.9865731816674],[-110.76747368533285,46.986357523173034],[-110.7668312909638,46.985773062290434],[-110.76548338999588,46.984546192661945],[-110.76543260304514,46.9850103331531],[-110.7653984156609,46.985296839694215],[-110.7652529837593,46.986498504635314],[-110.76632745216986,46.98632916576679],[-110.76634762321189,46.986325985481606],[-110.76646661288636,46.98667897992677],[-110.76658555108712,46.98703178937672],[-110.76682454188473,46.98773883045178],[-110.76694356775462,46.9880916430496],[-110.7656559254799,46.98829569196436],[-110.76553697177783,46.98794286472788],[-110.76530131564368,46.98724488784704],[-110.76520275398725,46.98695219565245],[-110.76519874206468,46.98694028197671],[-110.76498073110582,46.988794672171494],[-110.76476475503239,46.99063040135319],[-110.76287792223168,46.99052651594392],[-110.76286036937236,46.990675098249206],[-110.76046493519917,46.990543078937144],[-110.7603560359003,46.991466330914065],[-110.76030355245192,46.991463435912294],[-110.75820788891777,46.9913477540049],[-110.75850338992448,46.98884740625925],[-110.75868975566354,46.98726694223416],[-110.75888633178673,46.985601202473056],[-110.75904922295516,46.98421858039466],[-110.75911655073082,46.983648917500766],[-110.75917339773427,46.98316912966778],[-110.76132129906999,46.98328778946316],[-110.76143020413014,46.982364627590925],[-110.76365440451907,46.982484800371836],[-110.76382549180029,46.982496998972124],[-110.76384305461386,46.98234789404005],[-110.7643263358556,46.982375622271654],[-110.7649073845837,46.982407261210774],[-110.76572976929197,46.98245213360421],[-110.76558090441775,46.983713831275004],[-110.76684564479379,46.98306010295543],[-110.7668528922171,46.983056361682046],[-110.76695523448888,46.98300352939052],[-110.76584916615869,46.98181894543787]],[[-110.4265571329292,47.007312241810304],[-110.42672404727674,47.0059538623111],[-110.42979837615643,47.00672509430251],[-110.4320618388418,47.00730131246979],[-110.43208128002645,47.00730623992121],[-110.4321285857505,47.007318230648885],[-110.43221303863923,47.007308789371656],[-110.43228749961817,47.00730046453409],[-110.43386739881993,47.00712308799579],[-110.43508762441616,47.00698607726908],[-110.43624240577891,47.006856480002554],[-110.43779355492327,47.00668238148407],[-110.43771874193844,47.00727977904525],[-110.43764508260068,47.00786807575755],[-110.43508944035302,47.00833427134937],[-110.43193794991808,47.008909135149956],[-110.43100347661336,47.008671058585165],[-110.42980394631276,47.00836543943533],[-110.4289255808058,47.00814582904355],[-110.42453063832362,47.009827373880526],[-110.42420800654135,47.009950894802024],[-110.42396430704093,47.01004419532592],[-110.42097770362169,47.010401576145135],[-110.41925494557272,47.01063001063979],[-110.4180282212941,47.0107926948986],[-110.41783816617149,47.0103991543294],[-110.41767672297655,47.010062631987424],[-110.41636633003006,47.01007249803016],[-110.41395824893591,47.008281869469414],[-110.41300503033266,47.00757306707273],[-110.41034457790758,47.00831003134886],[-110.41035662388276,47.008355186543895],[-110.41037071907253,47.00840802689423],[-110.40866837640097,47.008333699796324],[-110.405901296517,47.008218001286856],[-110.4033912455398,47.008329918563],[-110.40030630332299,47.00846754438541],[-110.40008357065669,47.00762462249061],[-110.39973645750798,47.00794580003821],[-110.39934044767205,47.00831221358649],[-110.39893592645888,47.0080953807127],[-110.3981172419022,47.007656537755174],[-110.39745784678577,47.007303010651874],[-110.39633466978569,47.00670089655056],[-110.39593971842692,47.00657148987299],[-110.39568332979287,47.006536239798756],[-110.39284138793661,47.006145457186186],[-110.39099998078592,47.005892288422196],[-110.39093299012234,47.005818730699254],[-110.39090857210908,47.00579191528544],[-110.38830512795916,47.007281414664114],[-110.38757358841312,47.00769997356043],[-110.38671565125586,47.008130758068205],[-110.38668406467939,47.008154315771456],[-110.38525803858553,47.00843421817559],[-110.38515811039905,47.0084549733612],[-110.38308042806852,47.0088866036372],[-110.38168723581241,47.00917607241554],[-110.38112690949828,47.00929248727011],[-110.37991578551146,47.008142179630845],[-110.38308311473537,47.00731704520832],[-110.38318531477071,47.007290423520345],[-110.38516731468978,47.00677401821609],[-110.38524252222045,47.006754444253154],[-110.38539180654473,47.00671854625214],[-110.38540761439461,47.006735525385544],[-110.38661868044301,47.006078909243485],[-110.3875639050715,47.005566403437044],[-110.38963370604563,47.0043846802142],[-110.38991397873073,47.00469685301158],[-110.39020118973345,47.00501674552707],[-110.38993101859118,47.00442053477413],[-110.39182059625597,47.004645659244574],[-110.39283657160131,47.00476668879617],[-110.3952814962562,47.00505804606454],[-110.39561508995783,47.005839262591614],[-110.39584524784368,47.00562741514817],[-110.39614187392158,47.005354386031016],[-110.39690291000545,47.0055683698207],[-110.39811400122598,47.00590888677755],[-110.39886304070623,47.00611941246489],[-110.3993477733048,47.006255648744244],[-110.40048082572197,47.0068487446597],[-110.40339321452065,47.00670626139405],[-110.40547162456359,47.006604598677804],[-110.40549180092273,47.006677169898865],[-110.40755038293868,47.00678221874303],[-110.40867093166925,47.00683938425015],[-110.40968573700188,47.00689379559462],[-110.40980833639719,47.00709234360593],[-110.40993429911602,47.00729633390387],[-110.40982104788021,47.00669460254042],[-110.41026737391157,47.006571863518474],[-110.41396345381776,47.00555535151839],[-110.41424066775429,47.005479130156054],[-110.41450763252526,47.00540572545458],[-110.41925051758768,47.00456599734547],[-110.41991038433763,47.00444913154403],[-110.42032700547088,47.00437534324187],[-110.42044147738362,47.00498776792896],[-110.42333239531236,47.00545422898673],[-110.42452323460743,47.00564635185837],[-110.4253488702151,47.005779534534454],[-110.42622371015557,47.005920646616325],[-110.42624589999978,47.00603949156129],[-110.4264835755661,47.00731229785563],[-110.42652795298707,47.00755002182319],[-110.4265571329292,47.007312241810304]],[[-110.55844053613725,47.05748636753605],[-110.5616961589106,47.05748917030619],[-110.5623938322062,47.05748973059513],[-110.56360935284219,47.057490696384775],[-110.56701201093372,47.057493457020335],[-110.56701190795832,47.058763551642585],[-110.56701175970936,47.06111489344749],[-110.5670114681179,47.06473443657015],[-110.5616972493618,47.06473597890957],[-110.5563830312171,47.064737186658874],[-110.55638166808981,47.06111091356098],[-110.55638075824227,47.0584317042834],[-110.55638043636145,47.05748454583927],[-110.55844053613725,47.05748636753605]],[[-111.12755924353108,46.928687648542954],[-111.12752268534996,46.928640786118805],[-111.12612490041063,46.92684970263393],[-111.12510021516451,46.92553664859943],[-111.12612249742125,46.92553347861927],[-111.12777157650223,46.92552840331385],[-111.12964864093225,46.92863675070184],[-111.13141514603538,46.931561905279715],[-111.1318343301254,46.9322541313527],[-111.13402591009842,46.935873008747514],[-111.13621323807331,46.93948461054173],[-111.13669791756074,46.93948234713585],[-111.14196880338153,46.93945791225232],[-111.14198981141769,46.94308635599391],[-111.14201081712268,46.94671480047431],[-111.14203179949057,46.9503346592213],[-111.13674944521792,46.95035137294254],[-111.13146711940755,46.950367805351924],[-111.13145374691132,46.94674783282158],[-111.13144040575638,46.94312783532407],[-111.13142703224197,46.9395078362893],[-111.12712177916993,46.9385047478537],[-111.12623297235984,46.93589071332712],[-111.12614113378031,46.93562065400915],[-111.12548181450752,46.933681462826705],[-111.12607084466138,46.93226555098313],[-111.12613462300862,46.93211226734862],[-111.12755924353108,46.928687648542954]],[[-111.00217859297402,47.00101432494614],[-111.00292144282817,46.99999210455516],[-111.00452391846565,47.000751958510726],[-111.00490580613142,47.00093304774302],[-111.00506678557873,47.00100937647771],[-111.00611482887098,47.00150643598909],[-111.00621400867645,47.0010130954074],[-111.00641401315201,47.000018185649886],[-111.00880911009992,47.00015764590768],[-111.00881030674468,47.00015173002714],[-111.00980723349565,47.00048459218543],[-111.01080852320737,47.00081890151449],[-111.01076505541434,47.00102768318023],[-111.01035186295236,47.00302060963973],[-111.01001870977824,47.004637776147945],[-111.00996571476237,47.0048923651071],[-111.00987146435101,47.00502153618771],[-111.00982988194178,47.00507309429339],[-111.00834390445661,47.0069153296685],[-111.00942372157314,47.00825378644967],[-111.00983935832662,47.008768946403485],[-111.0106417137912,47.00976343449273],[-111.00984276019165,47.01009690848542],[-111.00917475317071,47.01037576330444],[-111.00859055152597,47.0106200358601],[-111.00685824789355,47.008422754552754],[-111.00600400201567,47.0083348628756],[-111.0080169567368,47.011552454081105],[-111.00984700880585,47.01175459573152],[-111.01041393986219,47.0118172166443],[-111.01036222079628,47.01192935979108],[-111.00968752652139,47.01339073203308],[-111.00740196746867,47.01312911381601],[-111.00551124409176,47.01291265787363],[-111.00501974407983,47.01285760665286],[-111.00432190389776,47.0127794422798],[-111.00375788967112,47.01271512526026],[-111.00412645908644,47.01192835497812],[-111.00429978365553,47.011554261579924],[-111.00455273158686,47.01145905725291],[-111.00515195988422,47.01123350844187],[-111.00591973080238,47.01131548570462],[-111.00455312972345,47.01083777080862],[-111.00390807821972,47.01061228961988],[-111.00417715691516,47.011158806588696],[-111.00310371037553,47.01192774570681],[-111.00033670474728,47.01390720960773],[-111.000216841966,47.01399315827747],[-111.00008420260961,47.014088326869725],[-110.99722402485018,47.01554605643114],[-110.99528397144549,47.016534793760314],[-110.99525094224057,47.01646759837824],[-110.99492443497888,47.01653574399798],[-110.99063419519953,47.017431154905715],[-110.98962080474091,47.01748903169689],[-110.98467658065007,47.017771334177226],[-110.98431313395429,47.0170567745732],[-110.98386220426086,47.01617127184978],[-110.97998519914678,47.01610299732909],[-110.97901748187891,47.01640718203873],[-110.97452336329019,47.017819852864086],[-110.97371988985618,47.016690628322884],[-110.97347123176662,47.01634118596134],[-110.9737194058902,47.01626329114957],[-110.97602009314967,47.01554113446477],[-110.97893512202862,47.014626132750564],[-110.97877719376962,47.01440416221649],[-110.97901536755093,47.01441510165401],[-110.98336514082541,47.014614842444146],[-110.98430644549474,47.01456688321072],[-110.98876020902637,47.01432100651197],[-110.98884138409763,47.01431306886962],[-110.98961798247579,47.01423713081107],[-110.99073273105216,47.014128153103506],[-110.99215821530414,47.01398875433394],[-110.9900344546677,47.01298771968371],[-110.99262094543394,47.011922388361015],[-110.99391165810755,47.01139144503808],[-110.99513004016093,47.01089025292458],[-110.99390948792109,47.01031345996104],[-110.99369292288642,47.010211128285974],[-110.99390897944606,47.01006223351396],[-110.99651491619801,47.00826661595624],[-110.99791664771756,47.00730072060724],[-110.9984798108606,47.00756765838449],[-110.99922637184142,47.00792145767113],[-110.99989595838026,47.008238783267984],[-111.00008724360309,47.008329420987536],[-111.00013260158846,47.008250974168114],[-111.00196507900571,47.00507458375041],[-111.00200579016261,47.00506279499544],[-111.00263466553281,47.00488397738011],[-111.00265498338494,47.00487831473712],[-111.00273384001972,47.004862329605594],[-111.00272510358518,47.00485826091966],[-111.00222466181852,47.00462518068403],[-111.00223308622736,47.00461061518071],[-111.00024892666222,47.00366960982201],[-111.00217859297402,47.00101432494614]],[[-110.75629155812864,47.0832606328657],[-110.75629442946311,47.08507221404924],[-110.75628932893936,47.085977550314524],[-110.75894348984049,47.085984146986014],[-110.75895186922908,47.09141333068627],[-110.76027731267098,47.09141451492197],[-110.76027887078527,47.092319691365724],[-110.76028039839952,47.09322351503502],[-110.76160624413055,47.093223239721276],[-110.76293171154568,47.09322367427837],[-110.76293331471499,47.0941290213887],[-110.7669083596466,47.09413018312034],[-110.7669099022904,47.095029798271135],[-110.76691169636796,47.09593401572606],[-110.76690722785101,47.095934016479696],[-110.76673244105993,47.095933966803074],[-110.7616072377185,47.09593492365297],[-110.76149071160654,47.09593485519231],[-110.7589614772431,47.09593537348851],[-110.758961661023,47.09503185850863],[-110.75810723749254,47.09503201807613],[-110.75631015333686,47.0950322468532],[-110.75498466545777,47.095032434031694],[-110.7549801902531,47.092316357133015],[-110.75497989398036,47.09140990756198],[-110.75365458775114,47.09140865790555],[-110.75365396653815,47.08869048252547],[-110.75365068846895,47.086874442281356],[-110.75232529747588,47.086869540955405],[-110.75232081048821,47.08415323971704],[-110.75364613444202,47.08415815189707],[-110.7536443199045,47.08325297883515],[-110.75629155812864,47.0832606328657]],[[-110.31008733711388,46.76678295361613],[-110.31004564059108,46.76684703925916],[-110.30894039886878,46.768546517337185],[-110.30786646413648,46.76855692404995],[-110.30672008929628,46.76856783333603],[-110.3058651832177,46.76857603447738],[-110.30475480355014,46.76858667671536],[-110.30538773249208,46.76684818090447],[-110.30639404027491,46.76408367481586],[-110.30670630598348,46.76322579403432],[-110.30671018578367,46.7632151233204],[-110.30671989161046,46.76318843208783],[-110.30690191315364,46.76268666763233],[-110.30704016719689,46.7623053823424],[-110.30780100666907,46.76020698835372],[-110.30801961455623,46.75960486509367],[-110.30816053191057,46.75921637711338],[-110.30836323155633,46.75865755552373],[-110.30871802566205,46.75767928700733],[-110.30888065739575,46.75748478353035],[-110.30895639173369,46.75739414189626],[-110.30941382633692,46.756846669807],[-110.30949049053365,46.75675527227826],[-110.30954416808383,46.756691280744214],[-110.30989578845771,46.75627048701541],[-110.31073837865685,46.756742739870504],[-110.31168203376868,46.757271605798664],[-110.31198492212087,46.7574413732942],[-110.31233576205835,46.75763807428492],[-110.31388045143197,46.75598043040044],[-110.31461455079375,46.755192692360815],[-110.31556667913799,46.754170795309605],[-110.31559838383909,46.754136903103806],[-110.31592757358672,46.75415857950509],[-110.31633134114881,46.75360534295188],[-110.31723904513123,46.75236132356499],[-110.31723837562896,46.75214779036208],[-110.31723686545635,46.75166562297056],[-110.31723524871838,46.75117082642626],[-110.31722857618605,46.74919006894117],[-110.31722706862386,46.74874239755139],[-110.3208879101796,46.74874218729856],[-110.32089060960556,46.74783707510787],[-110.32089093633142,46.747772532508115],[-110.32089134772396,46.74767927473923],[-110.32089344839713,46.74700964507287],[-110.3208948796912,46.7465624446252],[-110.32089681043774,46.74595888571187],[-110.32089921857663,46.74522363238643],[-110.32090210709185,46.7443478649966],[-110.32090211999281,46.744340122772016],[-110.3209025074599,46.744107884833355],[-110.3209030770893,46.7440593621096],[-110.32213497365254,46.74405812827689],[-110.32352387083414,46.74405664569117],[-110.32419363394285,46.74405603161418],[-110.32552675241439,46.744054580635186],[-110.32617334216647,46.744053943691995],[-110.32617588148476,46.74334047393334],[-110.32617832832204,46.74262934427114],[-110.32618169415875,46.741696591531884],[-110.32618568436767,46.74055698285817],[-110.32618614888976,46.7404335697253],[-110.32874262197979,46.74043174569178],[-110.32969586052056,46.74043102945234],[-110.33145922712842,46.74042968501386],[-110.33145824590143,46.740662917891356],[-110.33145467993086,46.741568307703254],[-110.33145091230277,46.742545440436274],[-110.33144760237977,46.7433656736431],[-110.33144504767546,46.744048270081834],[-110.331442238649,46.74471448660327],[-110.33143927537891,46.74540446801953],[-110.33143629068847,46.74611011115753],[-110.33143496981477,46.74641463871594],[-110.33143297014347,46.74690433089342],[-110.33143131164444,46.747288499352166],[-110.3314296810471,46.74766650520597],[-110.33176897207439,46.7476661001924],[-110.33319802788567,46.74766429991916],[-110.33406426467359,46.74766327327341],[-110.33601500627935,46.74766077187994],[-110.33669937164291,46.74765988656726],[-110.33669759686025,46.74800087265699],[-110.33669365790671,46.7487417198285],[-110.3366298587225,46.74874170040056],[-110.33623439494947,46.748741580641315],[-110.33429861370522,46.748741458263],[-110.33405962069122,46.74874149850614],[-110.33352846700411,46.74874142363953],[-110.33303371917344,46.74874153202177],[-110.33300196500971,46.748741525625455],[-110.33265028188407,46.74874145412373],[-110.33187437116496,46.74874144954043],[-110.331786763569,46.74874154990502],[-110.33179015515367,46.75053784813902],[-110.33172272764011,46.75053842402477],[-110.33157239914556,46.75053970840096],[-110.3304052959505,46.75054875963792],[-110.33040607688085,46.75072334223943],[-110.33040797397842,46.75114679295579],[-110.33040787462475,46.75124265718997],[-110.33040781980397,46.751298109145154],[-110.330408504442,46.75142467696862],[-110.33040867116445,46.751455267138624],[-110.33040953243739,46.751719447645044],[-110.33041014782064,46.751907577695995],[-110.32909279538121,46.7519077184875],[-110.32909439194353,46.75236002808935],[-110.32909514213246,46.752592073321686],[-110.32909585488653,46.75281224862941],[-110.32777848170423,46.75281246513182],[-110.32777993497561,46.7532647747731],[-110.32646255201037,46.75326497515385],[-110.32646297402056,46.75339730392988],[-110.32646399556091,46.753717285682534],[-110.32514659889857,46.75371747086991],[-110.32454064786495,46.75371752806641],[-110.3244532599882,46.753717533830475],[-110.3238290698972,46.753717551770485],[-110.32382961660522,46.753876508524506],[-110.32383062497412,46.75416995136058],[-110.3225130875818,46.75417010704173],[-110.32251449664936,46.75462241668953],[-110.32247524888614,46.75462240831202],[-110.32239387327239,46.75462238709681],[-110.32233077017167,46.754622428401156],[-110.32213350976106,46.75462255545779],[-110.31985439420376,46.754623403271964],[-110.31958289675309,46.7546234658773],[-110.31876174633791,46.75462522789022],[-110.31877526731158,46.755126778999546],[-110.31781856004913,46.755551313603554],[-110.31768411951613,46.755702241037305],[-110.3173836750196,46.75560763201297],[-110.31725054961755,46.755810937742865],[-110.31713982851653,46.75598014912022],[-110.31615725358016,46.75748205079029],[-110.31603474590584,46.75766916822598],[-110.31579152871254,46.75804122676244],[-110.31528380674716,46.75881743326264],[-110.31476983951703,46.75960316677142],[-110.31335043567331,46.76177300691557],[-110.31311588228048,46.76213140627454],[-110.31239876333603,46.763227487721544],[-110.31219672077094,46.76353881810717],[-110.31199692763748,46.763846676444075],[-110.31187749916232,46.764031424984665],[-110.31173642182159,46.7642486435098],[-110.31158048226618,46.76448802111047],[-110.31085967981626,46.765595910232165],[-110.31008733711388,46.76678295361613]],[[-110.49367405039534,47.06010426350611],[-110.493644287088,47.057490103641456],[-110.49361712672616,47.05509654098622],[-110.49360327318125,47.053875546416144],[-110.49889591576168,47.053879937402314],[-110.49889431467412,47.05368904868217],[-110.49888839588002,47.052982844745124],[-110.5041809048393,47.05298448160148],[-110.5041885653823,47.053884273838975],[-110.50421296679272,47.05586004228293],[-110.50423323277616,47.05750087088097],[-110.50424523729778,47.058478643764],[-110.50425543656705,47.059309214633416],[-110.501607841569,47.05930636671496],[-110.50162969026961,47.061114442652496],[-110.49898160864115,47.06111126930729],[-110.49368544085313,47.06110465631737],[-110.49367405039534,47.06010426350611]],[[-110.57233427022368,47.08654186606855],[-110.57520991761757,47.08653718857859],[-110.57765157327376,47.08653316002741],[-110.57765177971585,47.090161239493305],[-110.57233424593751,47.09017642526873],[-110.57233467788204,47.091646440883046],[-110.57233531259989,47.09379971999163],[-110.5723363562776,47.09684719295185],[-110.57233641385119,47.097017053485544],[-110.57563491305325,47.096998050368505],[-110.57565854676969,47.10062446105015],[-110.573921050366,47.10063513353374],[-110.57298117950026,47.100640893474846],[-110.57299726596197,47.10245450872403],[-110.57032403701125,47.10247155965045],[-110.57034439477513,47.10428576219718],[-110.56501425709894,47.10432087682647],[-110.5650409140254,47.10612277773198],[-110.56303963811457,47.10613477292923],[-110.56237921559338,47.10613872460368],[-110.56239584493746,47.10714218264805],[-110.56240904966232,47.10793906679786],[-110.5597505233294,47.10795330222245],[-110.55442264642126,47.107987809462735],[-110.55449141665343,47.11158894476388],[-110.55088415181993,47.11161478595187],[-110.5491658879134,47.11162705524908],[-110.54909476578082,47.108022161052304],[-110.54902365453698,47.10441726324305],[-110.54895264292014,47.10081695347177],[-110.54888163997472,47.09721673015603],[-110.55108872457323,47.097190406563726],[-110.55373964634751,47.09715870248497],[-110.55373955953482,47.09384910943709],[-110.55637685634001,47.09385662456164],[-110.56169674827312,47.09383594848285],[-110.5616967034466,47.09185721846753],[-110.56169666625165,47.09020617033383],[-110.56169749941186,47.088382435144275],[-110.56169750684327,47.08836926345645],[-110.56701644087764,47.08836094713724],[-110.56701683106962,47.08655032680706],[-110.57233427022368,47.08654186606855]],[[-110.52053588714021,46.8516909703537],[-110.51526253406034,46.85168928683054],[-110.51316529519909,46.85168865673812],[-110.50998905520515,46.85168763000245],[-110.50997889912462,46.84806882585392],[-110.50996874441195,46.8444500200594],[-110.50465263272885,46.844452460907334],[-110.499389127075,46.8444546464017],[-110.49605246110613,46.844455949852],[-110.49411788595059,46.844456660169094],[-110.48884677562565,46.8444584293942],[-110.48585878253859,46.84446415341572],[-110.48356703005815,46.8444684910844],[-110.47828728548774,46.84447839857263],[-110.47302446205457,46.84448809944654],[-110.46776163509183,46.844497465889695],[-110.4634871547487,46.84448204901123],[-110.46117306098486,46.844473784573566],[-110.45921254919077,46.84446674229503],[-110.45954989881265,46.84081830451968],[-110.45696566778953,46.84081142561585],[-110.45444589549965,46.8408046621493],[-110.45256424928284,46.84079954056874],[-110.44934188922707,46.84079069888808],[-110.44934705230351,46.83985756445919],[-110.44935032192447,46.83915893130676],[-110.44936037461963,46.837150978694496],[-110.45341446699517,46.83716201064723],[-110.45462377457628,46.83716342245258],[-110.4586879945875,46.83716833141492],[-110.45988720494832,46.83716977316965],[-110.46384378435258,46.83717738231925],[-110.46366530846753,46.840831067868635],[-110.46778124536574,46.84084386021938],[-110.47304597123805,46.840843206029895],[-110.47831069690919,46.840842306319296],[-110.47923247858304,46.840841192732135],[-110.48357716018819,46.840835839696744],[-110.48884362512712,46.84082921918276],[-110.49229650829184,46.84082928088008],[-110.49411192205316,46.84082927182751],[-110.49559630975838,46.84082921785134],[-110.49938008614708,46.84082899336892],[-110.50465319363651,46.84082618236518],[-110.50995253749785,46.84082307384878],[-110.51331259103125,46.840823826153525],[-110.51518322269054,46.84082420156898],[-110.5195882896313,46.840825043980075],[-110.52041377997269,46.840825182559584],[-110.52202149810765,46.84081905008027],[-110.52572828709562,46.840804824936],[-110.53104265638379,46.84078422108601],[-110.53367068628029,46.840778995833084],[-110.53629898014357,46.84077388770589],[-110.53661143917216,46.8407732981223],[-110.53761299812852,46.84077140258505],[-110.53796995290999,46.84077065142245],[-110.53892714326174,46.84076863203036],[-110.5396968322306,46.840767264010694],[-110.54024155794404,46.84076629216996],[-110.54155530973172,46.84076358315641],[-110.54682115853194,46.84075033875935],[-110.54685116913714,46.844358633106914],[-110.54421456117116,46.84436564024969],[-110.54158996387392,46.84437255340742],[-110.54028020231381,46.84437585576392],[-110.53949777289976,46.8443779823842],[-110.53897031593803,46.844379413376146],[-110.53766055401609,46.844382683875885],[-110.53635066384764,46.844386032327506],[-110.53373114140973,46.844392680898835],[-110.5311112295828,46.8443994529036],[-110.52800868570881,46.84440715022684],[-110.52578284800487,46.84441262038371],[-110.52045432964977,46.844425450335414],[-110.52049510563825,46.84805821118073],[-110.52053588714021,46.8516909703537]],[[-110.71600946442773,46.96932264145727],[-110.71566963503926,46.9695556977275],[-110.71734541015456,46.97072419011501],[-110.71806757367607,46.97022732412665],[-110.71865352269839,46.97037665313687],[-110.72053595623149,46.97085628128042],[-110.72078654027125,46.97068400288446],[-110.72202412692104,46.97099902313445],[-110.72325861305444,46.97131323872417],[-110.71901699106651,46.974222772519624],[-110.71792332008552,46.97394483661423],[-110.71654036072965,46.973593368677264],[-110.71406003475596,46.97296371695378],[-110.71380950583713,46.97313577438748],[-110.71689585606545,46.97431575757966],[-110.71567280582168,46.97573193884671],[-110.7154595245365,46.97565046843874],[-110.71504589318046,46.976148638888446],[-110.71696874369472,46.977056907065084],[-110.7169819653592,46.97704426931801],[-110.71861462793869,46.97830739912535],[-110.71829949281641,46.978609095220044],[-110.71935898969807,46.979067560813284],[-110.71733414033292,46.981818917836655],[-110.71689236651126,46.98241920231856],[-110.71679783556941,46.98237831513377],[-110.71729779748293,46.984186413099835],[-110.71235313749747,46.981853675808836],[-110.70634834613537,46.98204388729571],[-110.70436883409755,46.982799080928736],[-110.7015636052924,46.98386926728399],[-110.70183378477363,46.98424273716444],[-110.70193561320693,46.984029123776544],[-110.70372953424878,46.98442911318522],[-110.70437092541972,46.98457213234334],[-110.70614275615598,46.984967223562016],[-110.70764817986714,46.98530288449708],[-110.71302195968535,46.98714157008366],[-110.71227671269253,46.988705053932506],[-110.70740424969962,46.98703775590976],[-110.70649012995152,46.988227602015954],[-110.708489062187,46.988718263006504],[-110.71007803124398,46.989108296773765],[-110.7092449170956,46.990543365778976],[-110.70635620539056,46.9898328116212],[-110.70437657905077,46.98934581954228],[-110.70415276896829,46.98929076595323],[-110.70409879859903,46.98938373811073],[-110.70083541001799,46.988268937748074],[-110.69883921358753,46.98758694071004],[-110.69972860170466,46.98605550910084],[-110.70101613015463,46.98651769527402],[-110.70164839332512,46.98569468535114],[-110.70119027404277,46.98559241094684],[-110.7016156999031,46.98469990447844],[-110.69687780331947,46.98661967315332],[-110.69770503929145,46.987762978134086],[-110.69254286544168,46.989859366277614],[-110.6917140139676,46.98871311557486],[-110.68975971039347,46.98951258179139],[-110.68709171054472,46.985820326157004],[-110.68597945210213,46.984646328926985],[-110.68703610806817,46.98421312032259],[-110.68354879316624,46.98181883211301],[-110.68322222705702,46.98159460944641],[-110.68281040659872,46.98131186132716],[-110.68322188206642,46.9811433017283],[-110.68493427336479,46.98044178589477],[-110.68694123381262,46.98181882633003],[-110.68709525276259,46.98192470451211],[-110.68916036467147,46.983341433035086],[-110.69099471261615,46.9825888034129],[-110.69013780589842,46.98181886135019],[-110.68918021353542,46.9809583886606],[-110.69124977356579,46.980106675166574],[-110.6933251098552,46.97925023993192],[-110.69281128150753,46.97865665754124],[-110.69336425568508,46.97843601334992],[-110.69311266446209,46.97823843066961],[-110.69351282870005,46.978019647981746],[-110.68894868883461,46.97534942050575],[-110.69069291310223,46.97421602788932],[-110.69267291253408,46.97537158081516],[-110.69266093357672,46.97536228177834],[-110.69104369485915,46.97410663764288],[-110.69292819212316,46.97307350772623],[-110.69461850690655,46.97436555326623],[-110.69574189544733,46.97374832046771],[-110.69161619456612,46.97075944930143],[-110.68746104160888,46.967789536681984],[-110.68870049417892,46.96734769526306],[-110.68966983478903,46.967002132983524],[-110.69247781479947,46.96664003338207],[-110.6934708502849,46.96734769954823],[-110.6966372954444,46.96960424892792],[-110.69650873834428,46.969620805425755],[-110.6981235171548,46.97077751673593],[-110.69952668413852,46.97002356108286],[-110.70267019314471,46.97232844110436],[-110.70345070399638,46.97290085815058],[-110.70344842327404,46.972896098616495],[-110.70309413236973,46.97215631707848],[-110.70197612978257,46.96982051895738],[-110.70426128840334,46.969297533880535],[-110.70434858991781,46.969475661401354],[-110.70435310210506,46.96948486679529],[-110.70517104567408,46.97115342343635],[-110.70616120489123,46.970390166763615],[-110.70670591735401,46.97068892157784],[-110.70876508525093,46.97181771173685],[-110.71003791566984,46.971063618425994],[-110.71370473424719,46.96858586246568],[-110.71434135443197,46.968155786897334],[-110.71600946442773,46.96932264145727]],[[-111.20625393718295,47.03169589007502],[-111.21155907775135,47.03170047795613],[-111.21155995020632,47.03257415645404],[-111.21156085137306,47.03351299252728],[-111.21686358723065,47.03351995177333],[-111.22150972922954,47.03352572607348],[-111.22216627166438,47.03352653942433],[-111.22480968761268,47.03350618105857],[-111.22745312798668,47.033485764900256],[-111.23009598933697,47.03346585013177],[-111.23273885023858,47.033445880672915],[-111.2340588232309,47.03343697951867],[-111.23801877007399,47.03341019154284],[-111.24329866026885,47.03337425311202],[-111.24330651251807,47.037035690702865],[-111.24331042614769,47.03886643713487],[-111.2433143654919,47.04069715555632],[-111.24067028197875,47.04070948670812],[-111.2393482545232,47.04071563773106],[-111.2380262281958,47.04072181759187],[-111.2353821448775,47.040734148207115],[-111.23273808996706,47.04074647857567],[-111.22744912091893,47.04075350111888],[-111.22480470858406,47.04075611174522],[-111.22216062589969,47.04075421982808],[-111.22216142977396,47.04437876917967],[-111.2168629905592,47.04437429283141],[-111.21156455162865,47.04436959309712],[-111.20625288850484,47.044368255546765],[-111.20094120014329,47.044366697356516],[-111.20094206078161,47.04265406067091],[-111.19564753349626,47.04401693768516],[-111.19429142797136,47.04436601320271],[-111.19035117399312,47.0453802571535],[-111.19034632911278,47.0479889022444],[-111.18503372682433,47.047986120604804],[-111.18503225727751,47.04979800825605],[-111.17972151558799,47.04979450471508],[-111.17972112242279,47.04798309090749],[-111.17972036217903,47.04436020886486],[-111.18503668817793,47.04436293461234],[-111.18629018389854,47.04436353390266],[-111.19035689644662,47.04228568737931],[-111.19337973625031,47.04074115519277],[-111.19565009552896,47.03958151622233],[-111.20047029288031,47.03711916786526],[-111.20094299213144,47.03687765032644],[-111.2009433832535,47.03530865810609],[-111.20094377111087,47.0334983264797],[-111.20094879565886,47.03169107994829],[-111.20625393718295,47.03169589007502]],[[-110.72159213955958,46.94891910328531],[-110.72071651791815,46.94902093971181],[-110.72008494220323,46.948928784363595],[-110.71991396078133,46.94890383419761],[-110.71990223220524,46.9492091382758],[-110.71956120159852,46.9492981114247],[-110.71990532009086,46.949323339060676],[-110.7199325132427,46.94932533276481],[-110.72058997834674,46.95188566853941],[-110.72053897450618,46.952876589420946],[-110.7203904495301,46.95576207296738],[-110.72055046115513,46.955773807133056],[-110.72067678671642,46.955783070405104],[-110.72114774790417,46.95839360163101],[-110.7222103170736,46.95831667902253],[-110.72291531162608,46.95841407724204],[-110.72362756418747,46.9585124764201],[-110.72369812432538,46.95868886608237],[-110.72505846197492,46.95896433543856],[-110.72507375405604,46.959524169638094],[-110.72547750451623,46.95935791623482],[-110.72611447984997,46.959095689835635],[-110.72706898096986,46.95925508122367],[-110.72716991460804,46.95927193545626],[-110.72717068418162,46.961217520428384],[-110.725521290413,46.961897588192244],[-110.72548151353993,46.961894532415506],[-110.72532649416948,46.961882606550155],[-110.72497835962882,46.96185594759192],[-110.72548165517101,46.961982421678236],[-110.72654517446772,46.96224972110307],[-110.72594379636372,46.96286964382571],[-110.72548380510855,46.963344099308166],[-110.72341057811023,46.965481780364655],[-110.72428425272322,46.96569726638643],[-110.72498722071322,46.965870688250995],[-110.72375665413047,46.9670359497409],[-110.71871591199498,46.9658081038154],[-110.71832666375363,46.965713330064794],[-110.71809592412141,46.96565714587384],[-110.71821858685021,46.96554065762577],[-110.71823492280676,46.96552517166092],[-110.71643799543095,46.96673418974024],[-110.71552562864558,46.96734777830061],[-110.71511487946202,46.96762411449106],[-110.71479563079936,46.967401740471104],[-110.71471789496648,46.96734778200966],[-110.71362082375323,46.96658419203875],[-110.71791975356969,46.96367188370736],[-110.71889056248226,46.96434340633455],[-110.72218699541449,46.96101740688566],[-110.72237497055875,46.96105582275335],[-110.72172304069126,46.95975018539129],[-110.72143437670792,46.95972900095707],[-110.72097577908653,46.959695354682374],[-110.72084715687527,46.959315132774314],[-110.71899647006344,46.95954314344764],[-110.71774334713069,46.9555340003518],[-110.71854033194143,46.955436274480064],[-110.71869468060737,46.95325818204518],[-110.71866935014849,46.95325574689714],[-110.7167175209323,46.95306805390702],[-110.7167656000779,46.95287658213005],[-110.71770879572132,46.949119287487946],[-110.71795371154367,46.94914286220849],[-110.71823233080461,46.9491696745321],[-110.71780433012195,46.945061923445415],[-110.7178019684649,46.94503924605323],[-110.71725336645966,46.94900728958713],[-110.71504489209286,46.948099571376],[-110.71491513261913,46.94807058142296],[-110.71429473743899,46.947932435727814],[-110.71436110906565,46.94720393352212],[-110.7121301655622,46.94748266506584],[-110.71352323662893,46.95146364461719],[-110.71400783527113,46.9528765646849],[-110.71419082466274,46.95341014914808],[-110.71539961494337,46.953195309048596],[-110.71783475978522,46.95634608636891],[-110.71642063598817,46.95659742659795],[-110.71438572746546,46.95396366279755],[-110.71437662080639,46.95395187353035],[-110.7147056507305,46.95491115091876],[-110.71369161319488,46.95515112925733],[-110.71250334472143,46.95512507966804],[-110.71171885730331,46.95287657530931],[-110.71140110475454,46.951965794290565],[-110.70991814409169,46.948003729091006],[-110.70790055069169,46.947810595575994],[-110.70802896142378,46.94745378691935],[-110.70791917973722,46.94744773243816],[-110.70758519426536,46.9458005616137],[-110.70758301926448,46.94578983735333],[-110.7065975578944,46.94880846445372],[-110.70681872872515,46.9488434072463],[-110.70589418359069,46.952855732850864],[-110.70592415984692,46.95286048210172],[-110.70594696164278,46.952864094450575],[-110.70594782255057,46.952876539320215],[-110.70612058559264,46.95532174269578],[-110.70626159152059,46.95531496093179],[-110.70755091168813,46.95525304253159],[-110.70987865447206,46.955718647961994],[-110.71111004591171,46.95933787792877],[-110.71228496983001,46.96332244062381],[-110.70997828733012,46.96285233921484],[-110.7081693995468,46.96292865422259],[-110.70949389849088,46.965218963020696],[-110.70728118745713,46.96585814167601],[-110.70585528443979,46.96189555105329],[-110.70524680779666,46.96207127551205],[-110.70453589143328,46.95940173946295],[-110.70434102493212,46.9592686010341],[-110.70059139546028,46.95670676841757],[-110.69895214174481,46.958546950452074],[-110.69723220080961,46.95809517247034],[-110.6967053968835,46.95795678842565],[-110.69626762470708,46.958456320193015],[-110.69605169149247,46.95834488434731],[-110.69538484686558,46.9580007364901],[-110.69434887221304,46.95746523768365],[-110.69533463699706,46.95633630858417],[-110.69533808040065,46.956332365843295],[-110.69432673926013,46.95668334342292],[-110.69354083582122,46.95869346853194],[-110.6922004671678,46.95824825741961],[-110.69143847671427,46.95799513718585],[-110.69158663630309,46.957662330029336],[-110.6908523559992,46.9574417196481],[-110.68970117216783,46.95709585784517],[-110.68828636238223,46.958773242929034],[-110.68639847354632,46.95877332999936],[-110.68816232570994,46.95948233363359],[-110.68781776917528,46.95965650093902],[-110.6881341119412,46.95977012474995],[-110.68841342347137,46.95987044618714],[-110.6860644323102,46.9636681503592],[-110.68501641489581,46.963291747148126],[-110.68396073933246,46.96291256558037],[-110.68569524380312,46.960731623255896],[-110.68570001411265,46.96072562637468],[-110.68333020143601,46.961924059665556],[-110.68320667189164,46.9618743921727],[-110.68294013564781,46.96176725297381],[-110.68275772908443,46.96319551641451],[-110.68069314403962,46.962365874347405],[-110.6808155087978,46.96140831005457],[-110.67860721963484,46.962351904425105],[-110.67735877126624,46.96094694976288],[-110.68244756898874,46.95877288512302],[-110.68292715224958,46.95931256496082],[-110.68320454216558,46.959170784318964],[-110.68436751142642,46.95857629654015],[-110.68425928993767,46.95856224007498],[-110.68611494636203,46.9548192915181],[-110.68612885289834,46.95479123834445],[-110.68546278419372,46.955729135536906],[-110.68419268049021,46.955103099682994],[-110.68320093617739,46.95461424224617],[-110.68058972601744,46.95332712497631],[-110.68090977494181,46.95287642729597],[-110.68165568870275,46.951826029345405],[-110.68319933791302,46.95258697792897],[-110.68378654983862,46.95287645212724],[-110.68637581053217,46.95415287315585],[-110.68664219645508,46.95287647348128],[-110.68708937793251,46.95073382353508],[-110.68944833135717,46.95104095870809],[-110.68898822666826,46.95256610867227],[-110.68900194625654,46.95253938211709],[-110.6909718186619,46.94870202517531],[-110.69239756114105,46.94870290549186],[-110.69323132921605,46.94870341132955],[-110.69401084009503,46.94551491792277],[-110.69589647242701,46.94608491797269],[-110.69620718952626,46.94476527237527],[-110.69086854863187,46.94405038526534],[-110.69167572306772,46.94295821145294],[-110.69648241254612,46.94360226570623],[-110.69684823678902,46.942044811093865],[-110.69821685378719,46.94241922841677],[-110.69806642454387,46.94304562177493],[-110.69852220709663,46.94296056448039],[-110.6985208322978,46.94255056269142],[-110.698508903227,46.938978735884135],[-110.70084507094215,46.93859976047164],[-110.70085467334106,46.942225278284816],[-110.70086000966855,46.942210309008075],[-110.7016584323436,46.93997399731617],[-110.7028113238811,46.938405294469895],[-110.70387902504979,46.9369524512043],[-110.70431456116671,46.93689259113492],[-110.70614939877068,46.93664040278965],[-110.70702167584369,46.9365205014262],[-110.70516649907081,46.938255179724266],[-110.70561656090855,46.93820118840589],[-110.70698099404923,46.93803750776607],[-110.70672311064622,46.93840528725501],[-110.70584557348866,46.93965684174797],[-110.70589402992223,46.939655774443935],[-110.70720393012357,46.939626894115186],[-110.70710040824312,46.93993661688706],[-110.70768284115931,46.94002667379022],[-110.70825071144107,46.94011447724027],[-110.70874449333688,46.94014056972694],[-110.70978715459276,46.940195668922165],[-110.70951319269608,46.941766370290864],[-110.711891766117,46.941985948269235],[-110.71191534891267,46.94192978099927],[-110.71233779826534,46.94187636040461],[-110.71272985710827,46.94182680814303],[-110.71698511624076,46.94058931745854],[-110.71738791671893,46.94125173608258],[-110.71781306656418,46.94030084119881],[-110.7197172390367,46.93840532943489],[-110.7204262055797,46.93769957507475],[-110.72066092900162,46.9376820482693],[-110.72162770542906,46.93484425755864],[-110.72265777876986,46.934766427756266],[-110.72355631628682,46.934698529127864],[-110.72375520612057,46.934683695435304],[-110.72380265676362,46.93266171750945],[-110.7239779294215,46.931340962565756],[-110.72443391728102,46.929538623888455],[-110.72375051668007,46.929529697143046],[-110.72302569848925,46.929520238090504],[-110.72313486878399,46.925398835278536],[-110.72454261363706,46.925416332480324],[-110.7247138293349,46.925085609832095],[-110.7233389007187,46.923964818805985],[-110.72335437068337,46.92393404070037],[-110.72348542250609,46.923673318575815],[-110.72149762106964,46.922983318526995],[-110.72103088530613,46.92393402692028],[-110.72099277728698,46.92401172280776],[-110.72056890510525,46.92393402837725],[-110.7196951190038,46.923774193933404],[-110.71867536741766,46.92358764059066],[-110.72014436094192,46.92078463057017],[-110.72016134338693,46.920752090391034],[-110.72007969944167,46.92073818533037],[-110.72006361225576,46.92073544404123],[-110.71998288992643,46.92072167940585],[-110.71996258420445,46.920718425911744],[-110.71988437535458,46.92070501065905],[-110.71981421878752,46.92069320267166],[-110.71978876325109,46.92068875284609],[-110.71969183674564,46.92067223622286],[-110.7196423866546,46.920663854732645],[-110.71959293655847,46.92065547232105],[-110.7194961479903,46.920638949560555],[-110.71939936204737,46.92062242399011],[-110.71930205332396,46.92060590121414],[-110.71920527131829,46.92058937003748],[-110.71901079048999,46.92055631001575],[-110.7189134851391,46.920539866991795],[-110.71887062954161,46.92053247436673],[-110.71804546338724,46.920391980083245],[-110.71803958508998,46.92040221479384],[-110.71789244007002,46.920651064816525],[-110.71788728545238,46.92064953991382],[-110.71783354234125,46.920633702155484],[-110.7178284869759,46.92063220859936],[-110.71774086539087,46.92060629590254],[-110.71773582564995,46.920604795874624],[-110.71764795897488,46.92057855805166],[-110.71764290903738,46.92057707163104],[-110.71755523484016,46.920551379899024],[-110.71755018490781,46.9205498934743],[-110.71746253208084,46.92052403941136],[-110.71745748476019,46.920522552054656],[-110.71731491269914,46.920480542080455],[-110.71730987831765,46.920479045577686],[-110.71713039617508,46.920425640537154],[-110.71712536063323,46.92042415033995],[-110.71703816290085,46.92039841623527],[-110.71703312352568,46.9203969305758],[-110.71694554158921,46.92037110957338],[-110.71694050098726,46.92036962752365],[-110.71685293162764,46.92034389363506],[-110.71684789353533,46.92034240615348],[-110.71678519081543,46.92032384751242],[-110.71599892115294,46.920091674730905],[-110.71620146053509,46.921449819894626],[-110.71391048092762,46.92159665407993],[-110.71322079816045,46.92153752631707],[-110.7128546242647,46.92150612760671],[-110.71243290313447,46.918743253155775],[-110.71207631987032,46.91893359051628],[-110.71162861091116,46.918579650344206],[-110.71056975992992,46.91774263996329],[-110.71110808263983,46.91752458340782],[-110.712625526002,46.91691013716371],[-110.7131092865619,46.91671425061461],[-110.71517707114704,46.91587679703351],[-110.71623547079898,46.91671357840149],[-110.71517761868205,46.917277977148736],[-110.71572172278276,46.91745810080133],[-110.71588862029161,46.91726980123784],[-110.71715653083461,46.91741928682982],[-110.71775927025028,46.917490302524584],[-110.7194618976446,46.91799371964265],[-110.72028424228432,46.91813406518525],[-110.72087898244362,46.91823555367384],[-110.72155329275958,46.91835061421595],[-110.72179630833016,46.91839208000589],[-110.72140509352265,46.91895710914037],[-110.72329910983396,46.91934905402043],[-110.72341496700624,46.91911863607573],[-110.72357281495786,46.91501058395805],[-110.72523669158024,46.91559166293617],[-110.72556185477474,46.9157052153422],[-110.72540578492364,46.919817127631276],[-110.72526251252776,46.920102489930045],[-110.72644436396038,46.92107140783103],[-110.72648988098953,46.92081331625465],[-110.72651091680825,46.92069242886059],[-110.72655748898428,46.920428738466335],[-110.7284276738678,46.920266480351785],[-110.728823925842,46.92023213529076],[-110.72919841281127,46.92019963873334],[-110.72943561514694,46.92017906784237],[-110.7295725087926,46.919834733624256],[-110.7297430225443,46.919405844949566],[-110.72984237949026,46.919155517268386],[-110.73010830700764,46.918486261717575],[-110.73042359821723,46.91769284969454],[-110.73075527293993,46.91685818920258],[-110.73228075748233,46.913015675908795],[-110.73283090073578,46.91296785103147],[-110.73434420463485,46.91283622873911],[-110.73236643739915,46.91671804837673],[-110.7321487489936,46.91756419218358],[-110.73194504056681,46.918355925100286],[-110.7317758075406,46.91901352733864],[-110.73171922458538,46.919232966006675],[-110.73162147307286,46.91961371956327],[-110.73161816027465,46.91962662701718],[-110.73159943779689,46.91969952776429],[-110.73152239561675,46.91999789808988],[-110.73163794107663,46.919987944772096],[-110.73188109381933,46.91996682577259],[-110.73192368904637,46.91996292800889],[-110.73193341716507,46.91996203820352],[-110.73206338801535,46.919950759643626],[-110.7323839242604,46.919923055076225],[-110.73240726847631,46.91992100752099],[-110.73235855538998,46.92019913209125],[-110.73214108180521,46.92142912213799],[-110.73249619845471,46.92139078339338],[-110.73352354463019,46.921279868577095],[-110.73372501834787,46.92215795476573],[-110.73210032579703,46.92233315081504],[-110.73138973455967,46.92362675500711],[-110.73127369883854,46.92383109659483],[-110.7312335575946,46.92390210797473],[-110.73122115851254,46.92393401806056],[-110.73119364651829,46.923972561445375],[-110.73115333090077,46.9240433694291],[-110.73107656486894,46.92418773249782],[-110.73103757784627,46.92425942271194],[-110.73099805923172,46.924331026816304],[-110.73095918767979,46.92440226116294],[-110.7309487138282,46.92442153978819],[-110.73089535101569,46.924456126077],[-110.73082244523371,46.924502992438846],[-110.73081196118125,46.92450985760654],[-110.73091063956842,46.924499240563016],[-110.73118898493287,46.924469101651766],[-110.73140817433514,46.9244453784849],[-110.73111139005002,46.92507352410593],[-110.73183562761507,46.92514335526844],[-110.73248306033508,46.92546385368375],[-110.73070673152851,46.92687572885441],[-110.73069329154312,46.92688630488043],[-110.73072168889367,46.92688708119806],[-110.73086303678095,46.9268912369139],[-110.73100228074026,46.92689532419132],[-110.7311416581111,46.92689949808076],[-110.73128129877817,46.926903578046115],[-110.73129655794848,46.92690431388472],[-110.7323065248278,46.9269341731544],[-110.73270702033304,46.92694602184597],[-110.73267005546296,46.927215995278516],[-110.73381511041856,46.92746685375326],[-110.73420214266713,46.92755162974339],[-110.73527929479752,46.926574025741054],[-110.73672190098085,46.92770658175089],[-110.73465773084838,46.929516574342394],[-110.73496020145954,46.929634296878945],[-110.73729854067642,46.928567746191966],[-110.7387932828226,46.92884814737152],[-110.73908710834112,46.92890326827501],[-110.73655544916987,46.93051709999896],[-110.73730721469377,46.93065693287555],[-110.73753995609378,46.93018659729717],[-110.73864236542491,46.93026184391136],[-110.7389926356862,46.92965838248607],[-110.73904598129492,46.92956671813778],[-110.73908315054977,46.92950304122915],[-110.7391199159712,46.9294390086093],[-110.7391569549704,46.92937533218511],[-110.73919412448909,46.92931156431407],[-110.73923090131231,46.92924797982292],[-110.73926807131593,46.92918429743714],[-110.73930510436755,46.92912043558484],[-110.7393418792525,46.92905666473581],[-110.73937904680905,46.92899288781622],[-110.73941608623633,46.92892919959007],[-110.73945286020594,46.92886551422833],[-110.7394900219431,46.92880155369302],[-110.73952718777076,46.928737774037224],[-110.73956383216509,46.92867417915836],[-110.739601001189,46.92861048855921],[-110.73963816537639,46.92854670617985],[-110.7396748100359,46.928483020339065],[-110.73971196992997,46.928419059742254],[-110.73974913724601,46.928355367306786],[-110.73978630453617,46.92829167755854],[-110.7398233403062,46.928227986522394],[-110.73986050737848,46.928164294948886],[-110.73989767098996,46.928100514280814],[-110.73993483790649,46.92803682358189],[-110.7399710788504,46.927972870156005],[-110.74000785148507,46.927909183706625],[-110.74004488048821,46.92784522260681],[-110.7400820456772,46.92778152917196],[-110.74011881724105,46.927717750874834],[-110.74015598225388,46.92765405741475],[-110.74019301712423,46.927590365352806],[-110.74023005319955,46.92752667236401],[-110.74026681889687,46.92746271223901],[-110.74029058992619,46.927422211511995],[-110.74043377908205,46.927432188455555],[-110.7406340833134,46.927446049056364],[-110.74075779399813,46.92745461483746],[-110.7408282021951,46.927459436329315],[-110.74108760235707,46.92747742570387],[-110.74123618750477,46.927487702241386],[-110.74156599752169,46.92751050901351],[-110.74168970848295,46.92751907288625],[-110.74191278678659,46.927534308734906],[-110.74201964531707,46.92754160692041],[-110.74212124966924,46.92754870013855],[-110.74227024276408,46.92755904111868],[-110.74243987933242,46.92757081480299],[-110.74239218153707,46.927639113632104],[-110.74234573535175,46.927704609159115],[-110.74229994324665,46.927770096657646],[-110.74225376190319,46.927835860221876],[-110.74220770685726,46.92790135143704],[-110.74214372167863,46.927992600949835],[-110.74208736866737,46.92807314619971],[-110.7420439941577,46.92813518931007],[-110.74200022616736,46.92819732489531],[-110.74195645601338,46.92825937136714],[-110.74191321255068,46.92832141209909],[-110.74186943804945,46.92838327944432],[-110.74182606795162,46.928445591571574],[-110.74178242747091,46.92850763746171],[-110.74173865887398,46.92856977294335],[-110.74169527599759,46.928631545942956],[-110.74165164615184,46.92869395083712],[-110.74160826932288,46.9287559937907],[-110.74156449565321,46.92881804103575],[-110.7415212534113,46.928880173410235],[-110.74147748216717,46.928942220592276],[-110.74143409868897,46.92900399348935],[-110.74139032801169,46.929066130647186],[-110.74134669274832,46.92912844545343],[-110.7413033186113,46.92919057826903],[-110.74125953798826,46.929252355405204],[-110.7412162929612,46.92931439766422],[-110.74089961840859,46.92976540071309],[-110.74050850868123,46.930322422425775],[-110.7419966189011,46.930544780598],[-110.74017083333851,46.93368037012818],[-110.73899211813558,46.93350263031987],[-110.73881394479498,46.93347575140084],[-110.73870374954677,46.93345926385247],[-110.73882710883989,46.93350802714787],[-110.73936279457433,46.93371906655923],[-110.740332368512,46.93388273139661],[-110.74032463400656,46.93448062046254],[-110.74038439274383,46.9344906429936],[-110.74043135827124,46.93449863213716],[-110.74049742286424,46.93450969432716],[-110.74055812982023,46.934519857711734],[-110.74069730755735,46.934543479848784],[-110.74068695475887,46.934572814913345],[-110.74066302284206,46.934639726139075],[-110.74062709793661,46.93473909945407],[-110.74061402873235,46.934776053449134],[-110.74055691232091,46.93493617704505],[-110.74051989920339,46.93503982720352],[-110.74048250295566,46.93514402161476],[-110.7404385806493,46.93526710248682],[-110.74041464767936,46.93533433592454],[-110.74040625702334,46.935357831771974],[-110.74036875003654,46.935463110260564],[-110.74033097594517,46.93556821069381],[-110.74029248907203,46.93567665042919],[-110.74021954844127,46.93588052343587],[-110.74018413155879,46.93597965881695],[-110.74014587093517,46.936086654839166],[-110.74010773950924,46.93619356122574],[-110.74009884381104,46.936217961807195],[-110.7400799546974,46.93627055835139],[-110.7400687339321,46.93630245568383],[-110.74003170488788,46.93640583936016],[-110.73999505399479,46.93650858879081],[-110.73995803708493,46.93661250971595],[-110.73987594692018,46.93684123495714],[-110.73983657438528,46.93695112439801],[-110.74103007547147,46.93735175900496],[-110.74193055159046,46.93581392259682],[-110.74414140791995,46.936466303738584],[-110.7447032896847,46.936661015637405],[-110.74544315420171,46.936917400698356],[-110.74656747885119,46.93579478421008],[-110.74685817040162,46.93550453255929],[-110.74888666589395,46.93619777462674],[-110.74663959697295,46.93840533595997],[-110.74657276482499,46.93847100219254],[-110.74548055130623,46.93954400974988],[-110.74657588551426,46.940053254904285],[-110.74688489218025,46.940196947472685],[-110.74682297721965,46.9402620317859],[-110.74848913696322,46.941264636815525],[-110.74863196868813,46.9411408293274],[-110.74870867765247,46.94116137832908],[-110.74893845289839,46.941222922647505],[-110.7527728897491,46.938405400022106],[-110.75302864233123,46.938217449893436],[-110.75366130854432,46.93838661803918],[-110.75373158512146,46.9384053806948],[-110.75526491547654,46.938815349215055],[-110.75238054757666,46.94093335334122],[-110.75287948086869,46.94099506530342],[-110.75224404923853,46.94356021473104],[-110.75053997987148,46.94334465784499],[-110.75039471911423,46.94332632961414],[-110.75155378209378,46.943725367760166],[-110.75020523221714,46.945185497701914],[-110.75022036484039,46.94517583080784],[-110.75065481517376,46.94489930082653],[-110.75162512739092,46.94651933730137],[-110.74878852596606,46.94790330795738],[-110.74835662194445,46.94753633938413],[-110.74785006785528,46.94669050836207],[-110.74871278779932,46.94614147746003],[-110.74816399665463,46.94595342522973],[-110.74658949968368,46.94697023604015],[-110.74653532368046,46.947000800009214],[-110.74640544971106,46.94692420818251],[-110.74625246371636,46.94683398901781],[-110.74583286530346,46.94641160208374],[-110.74448636144318,46.9483223454091],[-110.74446399206795,46.94835434462253],[-110.74403599355571,46.948240532203975],[-110.74265525849627,46.947873382235315],[-110.74174051276049,46.94928512187171],[-110.74154805769794,46.949472982148905],[-110.74140848441256,46.949446513188526],[-110.73965220601974,46.952810995305924],[-110.73987565628507,46.95287657850388],[-110.74085145571402,46.95316307223698],[-110.74069325117055,46.95409096328485],[-110.73952660127132,46.95734565429619],[-110.73927416143582,46.958050248912166],[-110.73841332827527,46.95779851454345],[-110.73827586217098,46.95775820817288],[-110.73811469131327,46.9577109513601],[-110.7380010557955,46.95796644934417],[-110.73747935743023,46.95913612199311],[-110.73588847289643,46.9590247436124],[-110.73522312936741,46.96136777565052],[-110.73324123384427,46.96520261182483],[-110.73217438572017,46.96734779112045],[-110.73171312269588,46.968275210379716],[-110.73161518364518,46.96826272332111],[-110.73045363243675,46.96811463566944],[-110.72995913670361,46.967347776504575],[-110.72982060216904,46.96713291580773],[-110.7310567817977,46.964924095931984],[-110.73338029489013,46.961133036904805],[-110.73318834724962,46.961138482840894],[-110.73297756165233,46.96000928824289],[-110.73265361175996,46.95827216298873],[-110.73261838173167,46.95808331020009],[-110.73251263965248,46.95751648405747],[-110.73334652711128,46.95353908606455],[-110.73379447545928,46.953526662856504],[-110.73496521460363,46.953494216165396],[-110.73470008794249,46.95287564325212],[-110.7341422778138,46.9515739924422],[-110.73415194912708,46.95062495478074],[-110.73415206452366,46.95061357433227],[-110.7329660719002,46.952876584456384],[-110.73292896093179,46.95294741741088],[-110.73112341884067,46.953355206734415],[-110.73137452144097,46.95287656522374],[-110.73315185431782,46.94948893790123],[-110.7341659469487,46.9492599608255],[-110.73418488797142,46.94746590868994],[-110.73657334911377,46.94732310736717],[-110.73651218779025,46.95105528216516],[-110.73829676165887,46.95114316427092],[-110.73892524118448,46.9511741091531],[-110.73984217768141,46.94920727085854],[-110.74080466677503,46.94933151650171],[-110.73965475578528,46.94911780063054],[-110.73985075453362,46.94891952065387],[-110.74024607004844,46.9489952535693],[-110.74118465685486,46.94754415266559],[-110.7407160547479,46.94726546424449],[-110.74047999816898,46.94712507300323],[-110.74002669551467,46.94691754103303],[-110.73871542556724,46.946317192273696],[-110.73873148126235,46.94629827384362],[-110.7386360465567,46.946265184243586],[-110.7383841878351,46.94669083600358],[-110.73621766017007,46.94606036889499],[-110.7368368866625,46.944971741408786],[-110.73684375492861,46.94495967218194],[-110.73328768642509,46.94819025746286],[-110.73223473884556,46.94783747526635],[-110.72999415347512,46.95114026358071],[-110.72847726774758,46.95107788233631],[-110.72843318307814,46.95107724321095],[-110.72835500243204,46.95166027137764],[-110.72828819879405,46.95165626105635],[-110.72803622041434,46.95164113421073],[-110.72802241637108,46.95287658172561],[-110.72799022801102,46.955758922925625],[-110.72559941344514,46.955604491980615],[-110.7259794148164,46.95287656528929],[-110.72598190482432,46.95285880054464],[-110.7261684117345,46.95151972891463],[-110.7264626067042,46.94942495130224],[-110.72646425377049,46.94941322228514],[-110.72546427549783,46.95095367504181],[-110.7248768139949,46.95185870264068],[-110.72237221939643,46.95168174441596],[-110.723396648028,46.950080625722556],[-110.7234175002485,46.95004804118866],[-110.72274503722937,46.950860573215664],[-110.72162301468907,46.95056213234375],[-110.72070059889872,46.95000935956658],[-110.72159213955958,46.94891910328531]],[[-110.81419787894995,47.073183103466185],[-110.81419063867224,47.07073562034619],[-110.81335925496782,47.070736418823834],[-110.81074891585966,47.0707390354785],[-110.80968750250825,47.07074019862791],[-110.80887840248332,47.07074108088336],[-110.80887424702613,47.06995144238433],[-110.80886975017884,47.06907259377063],[-110.8088650303309,47.06817411828151],[-110.80885945325655,47.06710630466801],[-110.80359139342278,47.06712707272553],[-110.80355977586935,47.06712707223121],[-110.80355167467691,47.06574571498053],[-110.80354915944294,47.06532330936582],[-110.8011979941906,47.065327228590256],[-110.80115588136758,47.06532731328367],[-110.80088879515584,47.06532768039999],[-110.80088240689906,47.06392338352534],[-110.80088057093553,47.06352783511671],[-110.79884141440616,47.06353445383038],[-110.79822311922992,47.063536343967904],[-110.7979209487391,47.063537248384385],[-110.79626586831806,47.063542395982864],[-110.79558876629969,47.06354488656918],[-110.79556564250909,47.06354482658972],[-110.7955618627734,47.061753730425345],[-110.79441641502778,47.06175910584926],[-110.7930361237578,47.061765676554245],[-110.79290677488294,47.06176632471863],[-110.79290646829647,47.06115501519404],[-110.7929058171982,47.06048069536753],[-110.79290552555624,47.0599791160864],[-110.79290232125757,47.059808029665135],[-110.79289030891385,47.059140689076315],[-110.7928603893233,47.05749011312412],[-110.79285933927638,47.05743017411726],[-110.79284628855976,47.056702623135905],[-110.79283935436693,47.05632715127458],[-110.79149448374605,47.05632125744166],[-110.79089259147284,47.05631840883757],[-110.78758981940493,47.05630355702585],[-110.78755792981747,47.05271584092067],[-110.78403852448864,47.052743559192486],[-110.78234217538638,47.052756778217834],[-110.78244645696918,47.04901919828178],[-110.78255121058201,47.0452814778729],[-110.77750057379458,47.04523188524946],[-110.77748315986186,47.04157200186646],[-110.77230746064839,47.04157638926584],[-110.77216662673744,47.0379704798801],[-110.77139938794696,47.037966065359385],[-110.76878616802406,47.035973147816925],[-110.76668288515182,47.03429547136437],[-110.76369697742905,47.034256919747754],[-110.76145569612837,47.03422784979827],[-110.76022629908749,47.03437110090967],[-110.75963175547544,47.03444038490846],[-110.75736268311444,47.03470468106277],[-110.75728718299133,47.03471343216668],[-110.75637106323383,47.034819988259805],[-110.75477307823999,47.03500602257155],[-110.75135399926623,47.035404008013515],[-110.75126129062251,47.03427932078586],[-110.75112380581616,47.03261711878539],[-110.75428647295043,47.03220530632486],[-110.75453352455526,47.032173133710025],[-110.75519621235385,47.03208678389581],[-110.75650691498673,47.03191598358321],[-110.75789305876175,47.0317353965223],[-110.75873530865113,47.03162565967797],[-110.75999780897385,47.03146124858304],[-110.76113836060532,47.03131248076386],[-110.7616182767757,47.03128559536785],[-110.76262083329777,47.031229278993905],[-110.76614587640071,47.031030873086834],[-110.77068280538143,47.03077552491309],[-110.77192610758385,47.03070542700362],[-110.77184459666194,47.02708661218347],[-110.77736327147456,47.027117971169694],[-110.77738454983935,47.0307377432662],[-110.77740945273446,47.032933189208194],[-110.77742543862125,47.03432495726472],[-110.7783630786769,47.034322641332075],[-110.7792397623197,47.03432037643288],[-110.7804023126409,47.03431758616536],[-110.78057763802373,47.03431716385429],[-110.7828047184641,47.03431160146715],[-110.78280348560311,47.03443062156155],[-110.78277969338725,47.03661640101512],[-110.78276649256625,47.03785379031154],[-110.78761323318562,47.03796777691351],[-110.78759959445367,47.04164871481633],[-110.78720405338116,47.04164221242782],[-110.78636424960571,47.04162839944262],[-110.78635479090867,47.04255107358815],[-110.78543691687896,47.04253740282419],[-110.7851138049773,47.04253259109518],[-110.78508374873462,47.04438149103315],[-110.78758933067704,47.044409953937304],[-110.78884303900291,47.04442410187515],[-110.78884519412742,47.04534288734036],[-110.78969348691749,47.045351074551796],[-110.7901038454989,47.04535503614556],[-110.79012736823853,47.04810796676635],[-110.79140286371717,47.04811187738994],[-110.79141613695779,47.049026595490574],[-110.79202256882525,47.04902704787586],[-110.79269718193389,47.04902754884014],[-110.79264126905791,47.04633753563493],[-110.79262142618767,47.04537938818301],[-110.79254091826257,47.04173058920096],[-110.7924596939924,47.038082149685046],[-110.79780947388538,47.03806132216057],[-110.79782674971216,47.03442585455414],[-110.79249355203154,47.034454125337405],[-110.79252744047763,47.0308260756838],[-110.78768523200544,47.0307980059759],[-110.78770153535689,47.02716429021471],[-110.78771786475066,47.023530159475726],[-110.78852899171738,47.02353048315463],[-110.79251465244727,47.023531977832235],[-110.79384558076084,47.02351698598632],[-110.79383792667534,47.022599563397264],[-110.794884897069,47.02258839421198],[-110.79516935613849,47.02258535050154],[-110.79516217483963,47.0216687603171],[-110.79515502013754,47.0207521165737],[-110.79648739304852,47.020739513691964],[-110.7964807124386,47.01982370232822],[-110.79647403218686,47.01890816807012],[-110.79780737506644,47.01889723337081],[-110.7978011650373,47.017982589138214],[-110.80044042907859,47.01796270623068],[-110.8004684677659,47.01796249314569],[-110.80046342502591,47.01704965350858],[-110.80160072557022,47.017041831938805],[-110.8017976305599,47.017040468691064],[-110.80179314491116,47.01612851715812],[-110.80179335034266,47.01521662287344],[-110.80312569480984,47.01521071539029],[-110.80312348495963,47.014301208470194],[-110.80311903526612,47.01248219633769],[-110.80311016645445,47.00884414569018],[-110.80309055077564,47.00521914985324],[-110.80307090295535,47.001594181839216],[-110.80839966727042,47.00156146285799],[-110.80837961861727,46.99793149792398],[-110.80835948349583,46.99430526033813],[-110.80569432378036,46.9943248189766],[-110.80569980813387,46.995231050547666],[-110.80303450524296,46.99522722267302],[-110.80303903023692,46.99579107169849],[-110.8006525349719,46.99658608495367],[-110.79870748496792,46.99434438313322],[-110.7982242924032,46.993787472917866],[-110.79716414983737,46.993777795461284],[-110.79583103539929,46.99160700402318],[-110.79847992774872,46.99077226232843],[-110.7990776580511,46.99078677284963],[-110.7995446251355,46.99079810741669],[-110.79955773645985,46.98826423800188],[-110.80293100055752,46.98431359594049],[-110.80292180933817,46.98344494235221],[-110.80288419895341,46.979810150152076],[-110.80286922731747,46.976157664042965],[-110.80285425651613,46.972505180253464],[-110.80283739623472,46.968873832535714],[-110.80282175772295,46.965242233839014],[-110.80279164735266,46.96160321912447],[-110.8027913017527,46.96155425253814],[-110.80276395117762,46.957933036226244],[-110.79939086547591,46.95793420658271],[-110.79780155928253,46.95793471622373],[-110.79770773878175,46.957934718409014],[-110.79753735539664,46.95793472123331],[-110.79753644125354,46.96047917595208],[-110.79536662117275,46.95977015365876],[-110.79219957915268,46.958735159998525],[-110.78738222296751,46.957160879036586],[-110.78464022890749,46.95364745156062],[-110.7856980178269,46.95287653921466],[-110.78860647323887,46.95075680597847],[-110.78932598476557,46.95023239629224],[-110.7921995725236,46.95171691511244],[-110.79753877828036,46.95447515193839],[-110.80812815161642,46.95416434716416],[-110.80812794225417,46.95792801723607],[-110.81338337188619,46.95792157983719],[-110.81334023274027,46.95428459101924],[-110.8132969467246,46.95064769817284],[-110.81860188812905,46.95064216005176],[-110.81862120551182,46.95245855920162],[-110.81932347611553,46.95245756053456],[-110.82392397261943,46.952450925365],[-110.82394090200101,46.954265352589076],[-110.82397451329948,46.95789432089859],[-110.8266330088342,46.95788748887873],[-110.82821992069915,46.95788335495272],[-110.82825687929243,46.957883258871846],[-110.82929150190553,46.95788057619469],[-110.82966880791979,46.95787960176388],[-110.83062068140755,46.957877134369916],[-110.83061034167746,46.956065195446776],[-110.83060518365924,46.95515924230872],[-110.83193635033102,46.955156571473],[-110.83326749027567,46.95515392596563],[-110.8332713524586,46.95605935899347],[-110.83327906462534,46.957870194199174],[-110.83330017472734,46.961495830587126],[-110.83462773868611,46.9614913052439],[-110.83464690406271,46.96511596923077],[-110.83681708704268,46.96509216116119],[-110.8399360010035,46.96505787090975],[-110.84522507016231,46.96499976953058],[-110.84527459720388,46.96865871542018],[-110.8453239575221,46.97231771606984],[-110.8453740666181,46.97598510915149],[-110.84542403870512,46.979651694213686],[-110.84544717464043,46.98326830572569],[-110.84545877088735,46.98507645911194],[-110.8480998158342,46.985067998044876],[-110.84810913523113,46.98687603986482],[-110.84814232669454,46.9905271257055],[-110.84815907530182,46.99238124232433],[-110.84550495697171,46.9923660169669],[-110.84551663588229,46.994193808950705],[-110.85083426338156,46.994277167274056],[-110.8523489739676,46.99430167029325],[-110.85622755758088,46.994364332470944],[-110.85647915482079,46.99436817828821],[-110.85656337376065,46.99436946582087],[-110.85648568629958,46.9973403286835],[-110.85646878282495,46.99798736033412],[-110.85637430288341,47.00160525556541],[-110.861619538314,47.00160822885398],[-110.86686480109445,47.001610980426946],[-110.87214006481086,47.00161503694869],[-110.87604281717415,47.001617874133146],[-110.87741535540285,47.00161884199545],[-110.88274603772325,47.001604342131586],[-110.88807669207034,47.001589591678346],[-110.89358807201873,47.00157442310117],[-110.8935990482421,47.00517806718114],[-110.88804005397112,47.005191626960155],[-110.88522076215929,47.00519871825494],[-110.88273917802954,47.00520490266583],[-110.87743838365697,47.00521793105001],[-110.87746141101192,47.008817016104],[-110.87745824185784,47.012449798907404],[-110.8745203179103,47.01244478382545],[-110.87218375203096,47.01244074328417],[-110.87217980741092,47.016064219669786],[-110.8693276321288,47.01605418411003],[-110.86690450900042,47.01604560389155],[-110.86689975510046,47.019674580679606],[-110.86624956373025,47.01967476070985],[-110.86425942438608,47.019675287294454],[-110.86425297524958,47.023314317772616],[-110.86399902202626,47.02331534684502],[-110.8616109232624,47.0233249954733],[-110.86162751791912,47.02515192111237],[-110.85898841209365,47.025161097904224],[-110.85900792350058,47.02698641951937],[-110.85768985389221,47.026990161542464],[-110.85771080996014,47.02881467476685],[-110.85772130100659,47.02972690399888],[-110.85665164273567,47.029728978434534],[-110.85640542740023,47.02972945126223],[-110.8564166416687,47.03064132056203],[-110.85641738181155,47.03418548776406],[-110.85641738133342,47.03422351551043],[-110.85641815012531,47.03780571048027],[-110.8517491427985,47.037806527238516],[-110.85104418475488,47.03827526306372],[-110.84623168039218,47.04147496939804],[-110.84566090869717,47.04185440907594],[-110.84565691897507,47.04331096475012],[-110.84034441658397,47.043311093224126],[-110.84033925865661,47.04514188544157],[-110.84032885524229,47.04882799642032],[-110.84031845563669,47.052513998581674],[-110.84029124552862,47.05613491600769],[-110.83497240397604,47.05613118284409],[-110.83500603220222,47.05250576539325],[-110.83501637898692,47.04882098744558],[-110.8297939891654,47.048853505636394],[-110.82977936325379,47.04517817274047],[-110.82634704549756,47.04520551670953],[-110.82453197771082,47.04521993351238],[-110.82457159915766,47.04888582086389],[-110.81928709610816,47.04892086724767],[-110.81929035386645,47.04918638281041],[-110.81933085713185,47.05257983732027],[-110.81458959872609,47.052605208652686],[-110.81420150957463,47.052607155823445],[-110.81405046293378,47.05260799322882],[-110.81405128422576,47.052689895811746],[-110.81405377852182,47.05292047835822],[-110.81408863808406,47.056225046416664],[-110.81412681314849,47.0598420980836],[-110.81943184908621,47.05982060900373],[-110.81945052338001,47.06144405862753],[-110.81946212245916,47.06244601176309],[-110.819473719771,47.06344760826002],[-110.81864055667143,47.06345097292965],[-110.81414707045451,47.063469011681796],[-110.81416223118971,47.06622713209195],[-110.81416316276015,47.066420213412805],[-110.81416715943585,47.067096038149394],[-110.81495402900416,47.0670931405195],[-110.81951570049189,47.0670762727223],[-110.81951927227452,47.07028000069436],[-110.8195195694284,47.07072557524309],[-110.81985880071579,47.070724941992715],[-110.82100043753272,47.07072282861658],[-110.82387800347603,47.07071718517655],[-110.82485447252732,47.07071525389244],[-110.82484572495018,47.07393646387294],[-110.82484476104278,47.07437619840925],[-110.8242461004056,47.074380234808125],[-110.82484282343076,47.075165128323036],[-110.82488326881779,47.075218125273175],[-110.82556429642014,47.07611462536433],[-110.82561714227649,47.07618414820478],[-110.8257853177107,47.076405404780225],[-110.82633093411869,47.07712321977114],[-110.82665913647482,47.077554792337104],[-110.82697747233703,47.07797390358165],[-110.82726887803288,47.0783573473657],[-110.82603357109187,47.078762699466644],[-110.82624334532416,47.07911720034392],[-110.82687403888814,47.08011984354993],[-110.82725418356942,47.08072362065507],[-110.82774726929289,47.081507300108136],[-110.82779528742763,47.08158353199608],[-110.82806828447728,47.08201467950077],[-110.828463520354,47.08263883166734],[-110.82886308503694,47.08326959995711],[-110.82992056258797,47.08493950176116],[-110.83002448769436,47.08519736418497],[-110.8308156050889,47.087160535087534],[-110.83148193694917,47.08881395596541],[-110.83188627584747,47.089817587959395],[-110.83207109462202,47.090275904008514],[-110.8321679872032,47.09036651380909],[-110.83245472744646,47.09063379847549],[-110.83273553378848,47.090895569401766],[-110.8331939354729,47.091323260078916],[-110.83319851008407,47.091326947136174],[-110.83433229937202,47.09224060920846],[-110.83455383800582,47.09241889061664],[-110.83477524632339,47.09259717222436],[-110.83521832908745,47.092953815708135],[-110.83613637275027,47.09369280353417],[-110.83669891464709,47.09414587106331],[-110.8402403962287,47.09523245129013],[-110.84205407621835,47.0957888568866],[-110.84314919711125,47.0961248460661],[-110.84345236032287,47.09632355376489],[-110.84560322238535,47.09773318038145],[-110.8456025843137,47.09632180686824],[-110.84620351741047,47.09631822837808],[-110.84674176428639,47.09631501649869],[-110.84819405933662,47.096306354566686],[-110.85014182978678,47.09629472829138],[-110.85092463653609,47.096290046914696],[-110.85204131651562,47.09628336540614],[-110.8562467176579,47.096258286246],[-110.85626376353474,47.09989939957371],[-110.85627802015064,47.102839523888235],[-110.85627974930227,47.10330956612655],[-110.85665760340042,47.10353959195869],[-110.85820240249264,47.10447988487714],[-110.85937394995007,47.10440685570148],[-110.86163988639476,47.10426553729335],[-110.86163698289376,47.10352672425271],[-110.86403961860425,47.103520438511964],[-110.86699315053232,47.1035126593962],[-110.86698157325625,47.099883682944466],[-110.86809738170872,47.09988315856434],[-110.87236932857523,47.0998810882747],[-110.87775705506769,47.09987821747364],[-110.87777022399034,47.09627273975678],[-110.87810264752179,47.0962705127741],[-110.87853847583571,47.096267591042825],[-110.88316625420336,47.09623889447218],[-110.88383780552225,47.09623474594521],[-110.88856228176691,47.096205465015444],[-110.88913716501948,47.09620467929662],[-110.8943440208868,47.09619889196054],[-110.89443619009288,47.096198779537914],[-110.89955506898242,47.09619307723174],[-110.90014457571604,47.09619227572557],[-110.90027040076994,47.096192096091045],[-110.90035215887266,47.09982463069423],[-110.9004339419193,47.10345713720053],[-110.89452916967777,47.10346445936384],[-110.88880579159445,47.10347130859158],[-110.88708137698818,47.10347330436654],[-110.88327483777724,47.103477626725976],[-110.87774388443908,47.10348369526369],[-110.87773068572004,47.107089172529435],[-110.87476737838489,47.107102117481574],[-110.87236770669894,47.10711254143972],[-110.86791355978816,47.107131782800124],[-110.86700467237095,47.10713568994951],[-110.86652749552788,47.10713775951447],[-110.86582324114903,47.107140815350355],[-110.86565678382534,47.10818254947735],[-110.86165742205792,47.10872071203888],[-110.85906569592832,47.109069441949146],[-110.85630611681272,47.108940446777325],[-110.85403727904034,47.108834417601415],[-110.85095540258334,47.10822970139157],[-110.84751834978154,47.107536034474286],[-110.845349589046,47.10712973124824],[-110.84034026365215,47.10373292130783],[-110.8382165722019,47.102263123039904],[-110.83559088326102,47.10051960466131],[-110.83487303170341,47.10095036691096],[-110.83334812145779,47.101867438159125],[-110.83122028368918,47.103142060147505],[-110.83110899648067,47.10320968564618],[-110.83107126950829,47.1032315692495],[-110.83061391198021,47.10292337884423],[-110.83403173267489,47.099959453769564],[-110.83451806116179,47.09953789363655],[-110.83482644420883,47.09927027134291],[-110.83465010595965,47.09849088502319],[-110.83446667477621,47.0976806129963],[-110.83437407737436,47.09727175047055],[-110.83417227451923,47.09637986548061],[-110.83416203232485,47.0963338955367],[-110.83390745200175,47.09525892019049],[-110.83383793373518,47.09518285536937],[-110.83337299969605,47.09479055437314],[-110.83201158106527,47.09323153676443],[-110.8309864354869,47.092057699225734],[-110.83035381941936,47.09133338714483],[-110.82997572396009,47.090900654619126],[-110.8298037888641,47.090611717414966],[-110.82724192372541,47.085869376039156],[-110.8244664766233,47.08159337606217],[-110.82381085515716,47.08058376971751],[-110.8232687791594,47.08063568806171],[-110.82196299077512,47.08076067942198],[-110.82191389447608,47.080179120155435],[-110.82325000708626,47.07971955915026],[-110.81975532324796,47.07442419302749],[-110.81955783601724,47.07442248939607],[-110.8195227161582,47.07442218609942],[-110.81938300519812,47.07442055708],[-110.81910252822028,47.07441731247114],[-110.81787111477678,47.07440369301395],[-110.81694191746804,47.07439333038978],[-110.81665313716739,47.07439024539213],[-110.8165728786779,47.07438938749839],[-110.81538060116436,47.07437609930161],[-110.81533802461672,47.07437562373169],[-110.8142012282597,47.07436292353092],[-110.81419993861125,47.073955338765884],[-110.81419787894995,47.073183103466185]],[[-110.83260134445013,46.73026785785776],[-110.83260127610355,46.730338848616974],[-110.83241567385214,46.730338303071726],[-110.82800743296382,46.72855914323163],[-110.82733956134639,46.72864657131424],[-110.82207495981093,46.72933555777712],[-110.82135099053954,46.72943003644815],[-110.82136642981837,46.72841299409017],[-110.82207697972325,46.72829943314976],[-110.82634984854654,46.72761678736521],[-110.82673935797226,46.727781979903256],[-110.82733999279985,46.72803671200677],[-110.83260134445013,46.73026785785776]],[[-110.65582932709768,47.050969432999764],[-110.65581054241493,47.05094301755104],[-110.65575420805904,47.05088621090097],[-110.65406458877118,47.04918249694318],[-110.65574985682764,47.048945698404296],[-110.6561885399274,47.048884069038955],[-110.6565902288499,47.04882763441725],[-110.6584351883854,47.051225767273344],[-110.65623171973587,47.05153543410007],[-110.65582932709768,47.050969432999764]],[[-110.55637995396424,47.0562012401561],[-110.55638043636145,47.05748454583927],[-110.55108233438052,47.05749832605711],[-110.54829152015431,47.057505534463125],[-110.54578423410554,47.05751195223798],[-110.5404923481484,47.05753346647847],[-110.53639621336718,47.05754995300264],[-110.53520045536237,47.057554738206846],[-110.53518669252952,47.053934975968076],[-110.53839540686884,47.05391854814733],[-110.54048285304184,47.05390781200179],[-110.5440168529895,47.053889670821015],[-110.54577914205474,47.053880582993635],[-110.55107917189483,47.05386936731908],[-110.55637907181871,47.053858177757306],[-110.55637995396424,47.0562012401561]],[[-110.48837386333759,47.06109054958594],[-110.49368544085313,47.06110465631737],[-110.49369737150357,47.0621558302375],[-110.49372646846662,47.0647192076359],[-110.49144086949865,47.0647136884415],[-110.48841126109487,47.06470630297652],[-110.48604767537498,47.0647005242088],[-110.48309592488657,47.064693240295846],[-110.47778072764646,47.06468011180446],[-110.47246540267746,47.06466673975974],[-110.47247233116185,47.065622337704525],[-110.47247852623781,47.06647659429928],[-110.47207964219886,47.06647692087337],[-110.46718205171037,47.06648081556409],[-110.46188557668823,47.066484883020216],[-110.45898537380766,47.0664871059891],[-110.45658910543575,47.06648888664421],[-110.45657767919731,47.06468017910036],[-110.4565719658529,47.06377579629377],[-110.45392413305986,47.063777973291174],[-110.45391855430485,47.06287366866138],[-110.4539129744214,47.06196936388633],[-110.45459971502214,47.06196875814301],[-110.45656058412078,47.06196700733794],[-110.46150054231362,47.06196253519245],[-110.4618555397453,47.06196220569398],[-110.46221189390528,47.06196187360759],[-110.46715075778762,47.06195715632877],[-110.4693941485874,47.06195498176828],[-110.4724458460547,47.06195195344532],[-110.47243928163559,47.06104693413878],[-110.47467897936774,47.06105322391667],[-110.47775085186726,47.06106177927426],[-110.48117681198858,47.06107116688696],[-110.48306228901531,47.06107628852332],[-110.48837386333759,47.06109054958594]],[[-110.61655035476544,47.076851052992815],[-110.61768152382027,47.07286320144435],[-110.61923418326515,47.074119866026166],[-110.6181031039641,47.07810782372691],[-110.61613105159903,47.08098155917142],[-110.61587631589148,47.08135274362295],[-110.61432352404951,47.080096032651774],[-110.61655035476544,47.076851052992815]],[[-110.61697828452238,47.07214312728689],[-110.61849635439324,47.072210572735926],[-110.61768152382027,47.07286320144435],[-110.61693431831915,47.07346160675146],[-110.61361705633873,47.073149299854954],[-110.60784307708309,47.072375395064086],[-110.60855946111678,47.0718015804877],[-110.60934515318206,47.07117223409819],[-110.61498399789043,47.072054492863586],[-110.61697828452238,47.07214312728689]],[[-110.75364165429518,47.08144066293594],[-110.7536443199045,47.08325297883515],[-110.75099681192467,47.08324305043781],[-110.74834566325973,47.08324348755139],[-110.74834318440872,47.08143289526459],[-110.74834251871134,47.08052431378569],[-110.74569086521326,47.08052495482893],[-110.74568993510772,47.07779955571858],[-110.7456883927921,47.07416575698057],[-110.7403889579019,47.07416989848682],[-110.73508949241665,47.074173816961775],[-110.73243952194687,47.07417567248969],[-110.73244136436854,47.07236072694497],[-110.73085814928199,47.07236198779075],[-110.72979237648002,47.07236273222744],[-110.72979432046219,47.070548244145],[-110.72840866768487,47.070548200935164],[-110.72714774717024,47.07054798588557],[-110.72715200474596,47.06691898696413],[-110.72840614113454,47.066918993805054],[-110.72979858790333,47.06691899915214],[-110.73050221551085,47.06691809099834],[-110.73244862872724,47.06691555004895],[-110.73244671671344,47.06873106085634],[-110.73244571688792,47.06963093781454],[-110.73509248619517,47.069627773867325],[-110.73509184153407,47.07054288081206],[-110.73509373686639,47.07144804672952],[-110.74568733007823,47.071436911907455],[-110.74965999618695,47.07143242009136],[-110.74966081345414,47.07234699146569],[-110.74997979483845,47.07234444992646],[-110.75098588408359,47.072336427711996],[-110.75231109207567,47.072325941654235],[-110.75231280004027,47.07414348183407],[-110.75233859994546,47.07504869582337],[-110.75363684508233,47.07503145311762],[-110.75363814521974,47.076913903729064],[-110.75496329115686,47.07691795182241],[-110.75496398816992,47.077823527333955],[-110.75363921503586,47.07781947582761],[-110.75364165429518,47.08144066293594]],[[-110.63979792110143,47.09279521583092],[-110.6412285779128,47.09429277996425],[-110.63883326505533,47.094517050657615],[-110.63788173241792,47.093320843812464],[-110.63742740066695,47.09382017619058],[-110.63703863311466,47.0942474402348],[-110.63505090451957,47.09346443138128],[-110.63185000631071,47.092203408618474],[-110.63237876367128,47.091622724459846],[-110.63290956910762,47.09103977519574],[-110.63564975689756,47.09201165369869],[-110.63368112948629,47.090676222336754],[-110.63201212241633,47.0895439582548],[-110.63312798694244,47.08827849978472],[-110.63238773902575,47.08801855801796],[-110.63133007039771,47.08947416263104],[-110.63095506771025,47.08999023509111],[-110.63021282966837,47.08934359968795],[-110.63156444324198,47.08730242870615],[-110.63095624822844,47.08677347317877],[-110.6331993884481,47.08554585954739],[-110.62833596871046,47.0880019654544],[-110.62847324687861,47.08813707610658],[-110.6272269290226,47.08855658083765],[-110.6231338541586,47.08993414480781],[-110.62009814477499,47.09067503262499],[-110.61746912323751,47.091316643111966],[-110.61657986898248,47.091543949625645],[-110.61148056837756,47.093728607635136],[-110.61070561124299,47.093916050539256],[-110.60580597428779,47.095100990616146],[-110.60443283753847,47.093750060212884],[-110.60966870754955,47.09248378095958],[-110.61010745483182,47.092377656217494],[-110.61520694194861,47.09019278520975],[-110.61622872718895,47.09009634235489],[-110.61816041601519,47.08956767072882],[-110.62009536766057,47.08903806383197],[-110.62176051841737,47.088582250178796],[-110.62299885523915,47.088224657420604],[-110.62159106408077,47.086886511198294],[-110.62518723441383,47.08593601973977],[-110.62208954252964,47.08507316155403],[-110.62564557233837,47.084137718325074],[-110.62142452732947,47.08401031646201],[-110.62008664281723,47.08396990343968],[-110.61991061109192,47.08396461347748],[-110.61983570394095,47.083962362903634],[-110.61994101276233,47.082811043734736],[-110.61998442270158,47.08233525499124],[-110.62004774965378,47.082338075840205],[-110.62008387598588,47.08233968434282],[-110.62264853037422,47.08245270359532],[-110.62418280086476,47.0825202887823],[-110.62513804697662,47.08126008107078],[-110.62505425817555,47.08125478229873],[-110.62492558523,47.077491556354815],[-110.62557141591158,47.07718052005446],[-110.62720732866107,47.07728281826713],[-110.62721628325953,47.077526165063986],[-110.62722612906578,47.077793734051134],[-110.62782406026443,47.0766047056149],[-110.62862498055253,47.075010687986286],[-110.62881483998545,47.07463282393739],[-110.63199971647867,47.07492502487201],[-110.63113981689648,47.07356537781114],[-110.6303947979843,47.07238987388599],[-110.63008636650665,47.071903208005885],[-110.62797833013015,47.072347033144155],[-110.62625591222529,47.07311675773987],[-110.62440333808404,47.07029066497399],[-110.62518587310582,47.06963038181448],[-110.62626044975072,47.06915076449922],[-110.62610235903873,47.068856710071145],[-110.62643433149914,47.06870990043341],[-110.62675996628172,47.06856589215092],[-110.62726272943371,47.06846049648399],[-110.62783040117586,47.06834149338134],[-110.62755992739037,47.068341361999735],[-110.62670393799274,47.06845607248486],[-110.62602969395424,47.0685464238225],[-110.6260034014495,47.0684547457913],[-110.62597069125921,47.068340689278344],[-110.62534578353366,47.06616442327405],[-110.62493086824381,47.064719531231056],[-110.62487060027809,47.06450966690111],[-110.62432184344567,47.06224472546912],[-110.62404440674774,47.06109955730269],[-110.62388791814982,47.06045352603445],[-110.62531113676462,47.06026268320548],[-110.62568641722909,47.06021237481894],[-110.62624939109598,47.06013690174769],[-110.62648207716714,47.061097411559444],[-110.62723211159944,47.064192752992795],[-110.62738322921967,47.06471902315598],[-110.62806187599799,47.06708299609845],[-110.62831959723964,47.067980670735636],[-110.63044398441762,47.06753334363672],[-110.6306542980555,47.06796612980906],[-110.63077112530435,47.0682067439672],[-110.63083707428736,47.06834256898897],[-110.63137027053448,47.069440058246734],[-110.63234852512849,47.07145349803488],[-110.63245038299803,47.07161459005747],[-110.63249983240927,47.071692793170584],[-110.63261679417948,47.071572048801166],[-110.63281430286203,47.07136815405715],[-110.63340490269043,47.07075776309764],[-110.63351876728562,47.07064008365991],[-110.63815206215861,47.07146687346716],[-110.63967020376127,47.06937443158434],[-110.63784354320117,47.06833364328696],[-110.63591200697408,47.067233104903174],[-110.63506388334115,47.066749845379505],[-110.63590322294621,47.065540733815794],[-110.63609419809939,47.065265647336396],[-110.63623597818837,47.065346753966224],[-110.63645505881559,47.06547207528856],[-110.63651151570275,47.06520117069223],[-110.63661346721034,47.0647119495552],[-110.63674903803425,47.06406080126738],[-110.63685338317842,47.06355963267263],[-110.636997487985,47.062864819489725],[-110.63588728810095,47.06245617667421],[-110.63393631048365,47.06173800155451],[-110.63448676827475,47.06153044415102],[-110.63565804371335,47.06108878266943],[-110.63572227912039,47.06106453708799],[-110.63587967676672,47.06100512298931],[-110.63614776080519,47.06090408683551],[-110.63645022432436,47.06079009357987],[-110.63896022232124,47.059841809170216],[-110.63945142591753,47.060021638095904],[-110.64111118290164,47.05876328104621],[-110.64114583153516,47.058775988218926],[-110.64208442569691,47.05911940823047],[-110.64189254023626,47.05878142296948],[-110.64311290726612,47.05892410018151],[-110.64320076182419,47.05893437042851],[-110.64380000759876,47.059004455903775],[-110.64391357509811,47.05901784094706],[-110.64402463094692,47.05903092779609],[-110.64439728912855,47.05907500614886],[-110.64521556318782,47.05917476048869],[-110.64522013874439,47.05917529356405],[-110.64591199966414,47.05925589966715],[-110.64642068568111,47.059314585382175],[-110.64670388556965,47.05934780682175],[-110.64687403092859,47.05964908311508],[-110.6469304490102,47.05974902748237],[-110.64713531630798,47.06011266666117],[-110.64867813713163,47.059737092913515],[-110.64904330691994,47.059647671490815],[-110.65049298768376,47.05929276598401],[-110.65174000204358,47.05898744455036],[-110.6519658726159,47.05964572498915],[-110.6521981861531,47.060322668721234],[-110.6504949454393,47.06085758146653],[-110.64954138100047,47.06115703749082],[-110.65049525490105,47.06110005455973],[-110.6512386514256,47.06105565577721],[-110.65196475725665,47.06267177145442],[-110.65093085201536,47.06274464301671],[-110.650497238518,47.0627752024382],[-110.64932227170921,47.06285804113574],[-110.64729389466186,47.06300101628647],[-110.64731936864293,47.063273406658205],[-110.64765812361762,47.06689764696221],[-110.64767742996725,47.06710434296898],[-110.64632826587494,47.06717845848573],[-110.64527796825583,47.06723650941991],[-110.6452290042793,47.067239418228276],[-110.64522461395309,47.06718194981113],[-110.643814228813,47.06706640911288],[-110.64458213529005,47.06774329938212],[-110.64522478202626,47.068310195806006],[-110.64746808781287,47.07031786891134],[-110.64642178434306,47.072005041283845],[-110.64536812893569,47.07368778191474],[-110.64522960926212,47.073564693415484],[-110.64522502028329,47.07356057427696],[-110.64173779326784,47.070416216048685],[-110.6451487927015,47.0735568368117],[-110.6442018593519,47.075066565992365],[-110.64410841170283,47.074979909825856],[-110.64397588957267,47.07485701742591],[-110.64284304207291,47.07568483636012],[-110.64344620037474,47.0757257215731],[-110.64373933907417,47.076606527185035],[-110.64444004659254,47.07871185425182],[-110.64451630340453,47.078716987192294],[-110.64453321007524,47.07871812543059],[-110.64397595206641,47.08022162097418],[-110.6436630609042,47.08020025668857],[-110.64426366555891,47.080868958604775],[-110.64520815734575,47.08192049735353],[-110.64478033547758,47.08281015383424],[-110.64333540946528,47.08581485211747],[-110.64159844873936,47.08694455482344],[-110.64266369165979,47.086573708684035],[-110.64311631599803,47.087252327919906],[-110.6434209726935,47.08770934441993],[-110.64378842671243,47.0877159504609],[-110.64522905305239,47.08774162101897],[-110.64522912374389,47.087258602599356],[-110.64455824921932,47.08725493024248],[-110.64455348708081,47.087254904863336],[-110.64522886941519,47.086021625909005],[-110.64523345718695,47.08602280698647],[-110.64652462693168,47.08365655831905],[-110.64769026775801,47.081397507483544],[-110.64841723816441,47.079988520110795],[-110.65084466225804,47.080001049465466],[-110.65012316287293,47.08139928623787],[-110.64895180069747,47.08366925612175],[-110.64698554822982,47.08726868449521],[-110.64523363330393,47.08725975745444],[-110.64523366561397,47.0877428450569],[-110.64530641329696,47.08774413301426],[-110.64531361053449,47.08774426006142],[-110.64812145640774,47.091385416014624],[-110.64599706350913,47.09134843741968],[-110.64523385061393,47.09035655153226],[-110.64522926247048,47.09035537045577],[-110.64516080368479,47.090266406036164],[-110.64492626651686,47.08996161145966],[-110.64522931381653,47.090659348669156],[-110.64523385311527,47.09066052483275],[-110.64653686845972,47.09366697275264],[-110.64523454594172,47.09411951547723],[-110.64523472531909,47.095877835059845],[-110.64523019496855,47.09587783619119],[-110.6452299560035,47.09411832721524],[-110.64447438337947,47.09438078866149],[-110.64301261992375,47.091006323653886],[-110.64052351299952,47.09233208041666],[-110.64032419648989,47.09210061036327],[-110.63989156181525,47.0915981740765],[-110.63953475757758,47.091801102704736],[-110.63945179708713,47.09184828529755],[-110.63887001863463,47.09096895188443],[-110.63777299740967,47.09113376386584],[-110.63758985398205,47.091021497558934],[-110.63732590489383,47.090859694600915],[-110.63681322338901,47.09144347891596],[-110.6383674793996,47.09129772207848],[-110.63979792110143,47.09279521583092]]]},"properties":{"owner":"US Forest Service","acreage":792250.13609146,"source":"Montana State Library public lands framework","status":"Public reference boundary; verify current ownership and access rules"}},{"type":"Feature","geometry":{"type":"Polygon","coordinates":[[[-111.1584379746495,46.8415921647539],[-111.15843475384588,46.845214165824814],[-111.15843150771516,46.848836166520904],[-111.15842826290917,46.85245813763135],[-111.16370784609214,46.85243736981664],[-111.16898745939689,46.852416572529776],[-111.17426704353794,46.85239577994677],[-111.17954662670533,46.85237501146333],[-111.1795443252075,46.848760430675014],[-111.17954204754257,46.84514584519565],[-111.17953977250795,46.84153129046277],[-111.17953749562434,46.83791670713738],[-111.17762156135727,46.83792148717798],[-111.17426318483473,46.83792986261827],[-111.17231258362447,46.837934755111085],[-111.16898887636707,46.83794326946727],[-111.16700330082416,46.837948218068696],[-111.16371503606935,46.83795642573395],[-111.16169404060673,46.83796148591366],[-111.15844122266863,46.83797016525989],[-111.1584379746495,46.8415921647539]]]},"properties":{"owner":"Montana State Trust Lands","acreage":639.32872311,"source":"Montana State Library public lands framework","status":"Public reference boundary; verify current ownership and access rules"}},{"type":"Feature","geometry":{"type":"Polygon","coordinates":[[[-111.17953876453687,46.8958370353514],[-111.1848230253449,46.8958154643209],[-111.19010725796903,46.895793890546834],[-111.19539152164897,46.89577231765553],[-111.20067575596516,46.89575074474155],[-111.20067265245396,46.8921336885882],[-111.20066954950347,46.888516635116176],[-111.20066644828357,46.884899579820974],[-111.2006633422889,46.881282524614306],[-111.19538374056249,46.881296985717306],[-111.19538567910969,46.88491606795126],[-111.19538761847453,46.8885350412511],[-111.19538955588322,46.89215373458896],[-111.19010648666914,46.89217352864082],[-111.19010568539721,46.888553168959554],[-111.18482378229831,46.88857107448808],[-111.17954185059274,46.888588730794176],[-111.17954031903254,46.89221286941384],[-111.17953876453687,46.8958370353514]]]},"properties":{"owner":"US Bureau of Land Management","acreage":359.88192636,"source":"Montana State Library public lands framework","status":"Public reference boundary; verify current ownership and access rules"}},{"type":"Feature","geometry":{"type":"Polygon","coordinates":[[[-111.2738584742711,46.89584417772139],[-111.27385785449553,46.896346107598525],[-111.27412454836036,46.8972383136859],[-111.27428980651999,46.898427214713024],[-111.27408469104186,46.89925121102592],[-111.27398873140818,46.89963839306458],[-111.27328775095394,46.90062133827326],[-111.27165272693803,46.9023575576679],[-111.27137582402142,46.90287475583564],[-111.27128537110092,46.90304352427172],[-111.27128471839335,46.90409437271829],[-111.2718503743406,46.90551141701057],[-111.27211652370934,46.90587758594469],[-111.27295063219482,46.90647235256922],[-111.27317827532814,46.906527609457264],[-111.273516757462,46.90660959627114],[-111.27441756318122,46.906884519417034],[-111.27456325414543,46.90689657276377],[-111.27551790866099,46.90697627379873],[-111.27705194638048,46.90731930132056],[-111.27918586140495,46.90805135658436],[-111.27945303702462,46.90807420385416],[-111.2798455680442,46.90822456517269],[-111.281487255912,46.908852244728635],[-111.28188718630979,46.90912627543641],[-111.28201999438876,46.90935540293172],[-111.28212006913941,46.90999531248642],[-111.28202642510631,46.910217320604275],[-111.28231223624122,46.91021847312126],[-111.28495558942701,46.910229099298526],[-111.28497366345964,46.90671054529301],[-111.28497449725174,46.90654684777541],[-111.28499218430717,46.903101574199525],[-111.28499282289981,46.90286462496785],[-111.28499845550172,46.89949224250049],[-111.28499883964955,46.899261626309006],[-111.28500452757154,46.89588291025937],[-111.28500433163613,46.89565862860263],[-111.27983841500769,46.89564440706958],[-111.27455899548931,46.89563002073464],[-111.27421750254602,46.89562950681316],[-111.2738082795095,46.89562889019725],[-111.2738584742711,46.89584417772139]]]},"properties":{"owner":"US Forest Service","acreage":319.1811803,"source":"Montana State Library public lands framework","status":"Public reference boundary; verify current ownership and access rules"}},{"type":"Feature","geometry":{"type":"Polygon","coordinates":[[[-111.24282790437225,46.84151890967066],[-111.2428365517528,46.84512554927633],[-111.24284519860502,46.848732216094405],[-111.24285384574242,46.85233885427933],[-111.24286663624892,46.855946549355245],[-111.24287942226245,46.859554213148364],[-111.24289221279219,46.86316188061901],[-111.2429049994435,46.86676957618927],[-111.2469728341285,46.866758691737274],[-111.24817468972138,46.86675544776377],[-111.25344440902582,46.866741367387974],[-111.25871418802905,46.86672730847684],[-111.26398558287929,46.86671324878256],[-111.26570810118145,46.8667134948297],[-111.26926752714051,46.86671363469473],[-111.27454780799853,46.86671404615021],[-111.27455152068076,46.86671401816075],[-111.27453729883038,46.863118270932965],[-111.27452348537284,46.85952254991409],[-111.27450966846692,46.855922216800806],[-111.27449588322037,46.85232191037339],[-111.27449528967891,46.848721217187155],[-111.27449469979095,46.84512055112423],[-111.27449410944376,46.8415178010233],[-111.27449351789419,46.83791505023782],[-111.2735898152864,46.83791455208283],[-111.27266776413909,46.837914034681425],[-111.2713998979866,46.837913352881095],[-111.26921062710998,46.83791213675583],[-111.26738387390185,46.837911118801145],[-111.26593740144057,46.83791064026291],[-111.26392773485716,46.83790991511821],[-111.26212173506752,46.83791026128502],[-111.25865001301202,46.83791091922562],[-111.25685962315345,46.83791126298799],[-111.25337229150223,46.83791161446812],[-111.25159776224602,46.837911959722234],[-111.2480957588429,46.83791263986672],[-111.24633594252566,46.83791299845473],[-111.24281925465408,46.83791224150023],[-111.24282790437225,46.84151890967066]]]},"properties":{"owner":"US Forest Service","acreage":1908.7682497,"source":"Montana State Library public lands framework","status":"Public reference boundary; verify current ownership and access rules"}}]}
